id,name,slug,url,created_at,updated_at,summary,storyline,collection,franchise,franchises,hypes,follows,rating,aggregated_rating,aggregated_rating_count,total_rating,total_rating_count,rating_count,parent_game,version_parent,version_title,similar_games,tags,game_engines,category,player_perspectives,game_modes,keywords,themes,genres,expansions,dlcs,bundles,standalone_expansions,first_release_date,status,platforms,release_dates,alternative_names,screenshots,videos,cover,websites,external_games,multiplayer_modes,involved_companies,age_ratings,artworks,checksum,remakes,remasters,expanded_games,ports,forks,language_supports,game_localizations,collections
232060,3D Icon Quiz,3d-icon-quiz,https://www.igdb.com/games/3d-icon-quiz,2023-01-19 09:10:44,2023-05-07 02:21:56,Let's play 3D Icon Quiz. More than 300 common icons/pictograms in the world!,,,,,,,,,,,,,,,,"{15827,25905,68458,78489,87150,87170,87728,90788,90965,103018}",{268435489},,0,,{1},,,{33},,,,,2022-08-02 00:00:00,,{39},{473399},,"{961488,961489,961490,961491,961492}",,,"{519194,519195}","{2648851,2651602}",,,,,1ec2a645-b102-3bfe-ff1d-81b3e817933d,,,,,,,,
100621,3D Illusion Maze Path Puzzle,3d-illusion-maze-path-puzzle,https://www.igdb.com/games/3d-illusion-maze-path-puzzle,2018-05-05 08:58:27,2023-05-29 23:03:30,"An puzzle game which challenges your ability to think in multiple dimensions.

You must slide 3D cubes to their destination over cubes, triangles, and other figures.

The first couple of levels are easy, but the 3D path becomes more complex while you play.

Can you move through all the mathematically inspired impossible objects before the time runs out?",,,,,,,,,,,,,,,,,,,0,,{1},,,,,,,,2016-05-30 00:00:00,8,{39},{479491},,{1045651},,,{411847},"{653712,1954497}",,,,,f03b758c-f736-b030-3964-116e331e01e6,,,,,,"{701128,701129}",,
108136,3D Infinity,3d-infinity,https://www.igdb.com/games/3d-infinity,2018-09-05 05:42:41,2022-12-13 21:50:44,,,,,,,,,,,,,,,,,,,,0,,,,,,,,,,,,,,{62680},,,,{385132},"{1456165,1910535}",,,,,eedcf2b1-8971-6855-b3b5-78f81043a7c7,,,,,,,,
57942,3D Interceptor,3d-interceptor,https://www.igdb.com/games/3d-interceptor,2017-09-06 12:57:46,2022-12-13 21:14:38,,,,,,,,,,,,,,,,,,,,0,,,,,,,,,,,,,,,,,35329,{380266},"{106203,1905496}",,,,,614615be-9b09-cace-de14-1a18cfb33ab3,,,,,,,,
13277,3D Invaders,3d-invaders,https://www.igdb.com/games/3d-invaders,2015-10-11 16:51:17,2022-12-14 01:24:02,,,,,,,,,,,,,,,,,"{58095,78770,95340,103292,311392,312252,312258,312267,312273,313589}",{268435461},,0,,,,,{5},,,,,,,{25},{38473},,,,,{416359},"{17238,1959222}",,,,,136e6da3-4df1-7c18-19fc-6c810db15fa1,,,,,,,,
205073,3D Joys,3d-joys,https://www.igdb.com/games/3d-joys,2022-06-16 02:26:06,2024-09-10 22:43:45,3D Joys is a collection of VR games that will use a 3D Joystick.,,,,,,,,,,,,,,,,"{19404,31515,33603,33646,36269,55590,65827,111043,115539,116674}","{268435471,268435488}",,0,"{6,7}",{1},"{2385,4510,19205,30952}",,"{2,7,9,15,32,33}",,,,,2022-06-25 00:00:00,4,"{163,384}","{641091,641092}",,"{813585,813587,813589,813591,813593}",{86586},249286,"{290508,290509,494333,539026}","{2449674,2449705,2938586}",,,{185944},{78756},62fd3bf7-62b5-f29e-bd5b-6ce72f4abb44,,,,,,{284596},,
143644,3D Kaleidoscope: Baby Universe,3d-kaleidoscope-baby-universe,https://www.igdb.com/games/3d-kaleidoscope-baby-universe,2021-02-18 16:31:46,2023-06-09 07:24:12,"Baby Universe is an experiment in visuals. It consists of different worlds with digital kaleidoscopes. One of them, a 3D Kaleidoscope, is floating in space. You create visual effects by pressing buttons on the controller, to turn the different axes, bend and reflect light, and change the angle, with different background patterns. All your actions can be recorded and saved.

In the jewel case, you select the objects to appear on the screen, and in the console, you can edit each individual item. This includes colour mapping of the surface, movement patterns and frame rate. Settings can be saved on a memory card. In the soundscape, you can insert your own CDs, and sound wave patterns will appear to accompany the music. There is also a traditional (electric) and a psychedelic kaleidoscope available.",,,,,,,,,,,,,,,,"{17613,24620,32688,36346,65827,86847,87485,101573,105264,112754}","{268435463,268435469,536894036}",,0,{1},{1},{23124},,"{7,13}",,,,,1997-06-20 00:00:00,,{7},"{244546,244547}","{61941,61942,61943,61944}","{446602,446603,446604,446605,446606,446607}",{49349},140411,{452297},"{1998344,1998345}",,"{132991,132992}",,,7fdedfbd-3146-e1f4-5c84-79d3b287afad,,,,,,,{14067},
265428,3D Knife,3d-knife,https://www.igdb.com/games/3d-knife,2023-09-07 02:22:00,2023-09-11 20:40:37,"""3D Knife"" is a 3D arcade to test your reflex and patience. It is mini, beautiful and addictive.Lots of knives can be unlocked. Easy to learn: shoot knife to the wood planet while don't hit other knives. Hard to master: you should take the right chance!",,,,,,,,,,,,,,,,"{18115,19222,25905,41349,85804,87170,87507,90788,90965,95776}","{268435465,268435489}",,0,,,,,"{9,33}",,,,,,,,,,"{1137934,1137937,1137943,1137945,1137946}",,,"{579924,579925}","{2739702,2740182}",,,,,5c8816d1-7aa8-fdc6-53c6-caf967a5d299,,,,,,,,
93313,3D Lemmings Winterland,3d-lemmings-winterland,https://www.igdb.com/games/3d-lemmings-winterland,2018-03-16 14:49:20,2024-01-22 08:26:00,"3D Lemmings Winterland is a special mini-demo of Lemmings 3D, featuring special snowy wintry graphics. Apart from this, the gameplay is identical to that of Lemmings 3D. The game consists of 6 levels which are not featured in the original full game.",,,,,,,,,,,,,,,,"{10603,19222,25905,41349,87507,88511,88863,90788,90839,95776}",{268435465},,0,"{2,4}",{1},,,{9},,,,,1995-12-01 00:00:00,,{13},{381326},"{123807,123808}",{859465},,284365,{393574},"{151061,1919286}",,"{183703,183704}",,,b39ea200-5005-1334-4bb5-5adb893a786a,,,,,,,,{1118}
204578,3D Live Pool,3d-live-pool,https://www.igdb.com/games/3d-live-pool,2022-06-12 03:03:17,2022-12-14 10:52:41,,,,,,,,,,,,,,,,,,,,0,,,,,,,,,,2003-12-31 00:00:00,,{6},{364901},,,,226827,"{289261,494036}",{2448025},,,,,255c0826-d1e9-94f0-797a-dca8d294c11a,,,,,,,,
28476,3D Lunattack,3d-lunattack,https://www.igdb.com/games/3d-lunattack,2017-05-07 14:53:45,2024-07-09 15:29:01,You attack a moonbase of the dreaded Seiddabs.,,,,,,,,,,,,,,,,"{306,43367,55038,57187,68286,103292,103301,105269,107318,113362}","{1,18,268435461,268435489}",,0,{1},"{1,2}",,"{1,18}","{5,33}",,,,,1984-12-31 00:00:00,,"{15,26,153}","{607838,607839,607840}",,"{1347163,1347164}",{117234},23458,{360567},"{48707,142517,1873956}","{28731,28732,28733}","{57419,57420}",,,38620b6f-b403-049b-930e-95cd73316b71,,,,,,{1028962},,{2701}
90089,3D Magic Chess HD,3d-magic-chess-hd,https://www.igdb.com/games/3d-magic-chess-hd,2018-03-07 14:34:21,2022-12-14 03:20:52,,,,,,,,,,,,,,,,,,,,0,,,,,,,,,,2016-09-20 00:00:00,,{39},{366361},,,,,"{290528,290529,433988}","{271045,1977674,2449267}",,,,,1e7c47b7-ac30-7e3b-8374-b556f09a945b,,,,,,,,
65552,3D Mahjong,3d-mahjong,https://www.igdb.com/games/3d-mahjong,2017-09-12 22:42:04,2023-08-10 13:13:39,3D Mahjong on DSiWare,,,,,,,,,,,,,,,,"{236,5636,17130,19376,55173,55190,56033,64824,95776,109129}","{268435465,268435471,536875046,536876709}",,0,,,"{4134,5797}",,"{9,15}",,,,,2010-08-16 00:00:00,8,{159},"{145196,145197}",,"{179744,179745,179746,179747,179748,179749,179750,179751,179752}",,46594,{371516},"{123615,215645,1896461}",,{61848},{16379},,6c7db94d-a7ba-b044-5d88-a71b370524cc,,,,,,{749176},,
269319,3D Mahjong + Janpai Tori,3d-mahjong-plus-janpai-tori,https://www.igdb.com/games/3d-mahjong-plus-janpai-tori,2023-09-29 20:24:20,2023-10-02 02:56:45,A single player learning game with mahjong and shanghai tiles entirely rendered in 3D.,,,,,,,,,,,,,,,,,,,0,,,,,,,,,,2006-11-16 00:00:00,,{8},{521321},,,,333987,,{2748520},,,,,dded0ed1-bc95-a440-98b5-ee8ee8c58f6d,,,,,,,,
84661,3D MahJongg,3d-mahjongg,https://www.igdb.com/games/3d-mahjongg,2018-01-30 18:33:15,2024-09-13 17:01:37,The first MahJongg game in the eShop – which is designed specifically for your Nintendo 3DS!,,,,,,,63,,,63,0,0,,,,"{32510,95776,109129,111054,220872,230788,248655,253223,279865,301167}","{268435465,268435471,268435491}",,0,,,,,"{9,15,35}",,,,,2012-11-22 00:00:00,,{37},"{145198,145199}",,"{179753,179754,179755,179756,179757,179758}",,295632,{420974},"{215646,1964072}",,{126058},"{35538,64727}",{73465},f5308177-1ac5-1e8f-6b35-c64e3aebe7e7,,,,,,"{491103,491104,491105,491106}",,
79028,3D Mania,3d-mania,https://www.igdb.com/games/3d-mania,2017-12-26 14:30:08,2023-05-29 23:22:36,"3D Mania is a double pack of two games, released for the PC, Operation Overkill and Condition Red.",,,,,,,,,,,,,,,,"{8422,28751,55038,57187,57288,64311,68286,103301,105269,107318}","{1,18,268435461,536870913,536871859,536871872,536874743,536875171}",,0,,{1},"{1,947,960,3831,4259}","{1,18}",{5},,,,,1996-01-01 00:00:00,,{6},{479498},"{67780,67781}",,,55960,{344604},"{137553,1186751}",,,,,654486ca-de18-79f4-31af-356ff177f9d8,,,,,,{701130},,
71437,3D Marble Flip,3d-marble-flip,https://www.igdb.com/games/3d-marble-flip,2017-09-28 13:23:07,2023-05-23 05:42:15,3D Marble flip is a puzzle/labyrinth game for the PC.,,,,,,,,,,,,,,,,"{18115,25646,25905,43367,56033,60044,87170,87728,90788,110503}","{1,268435465,268435489}",,0,,{1},,{1},"{9,33}",,,,,2003-12-31 00:00:00,,{6},{473407},,"{1045672,1045673,1045674}",{89156},54073,{354763},"{153618,1867818}",,"{213585,213586}",{81227},,4af9d145-26ea-38ae-6a64-81bc315cbf08,,,,,,,,
172206,3D Math: Ultra,3d-math-ultra,https://www.igdb.com/games/3d-math-ultra,2021-09-22 19:42:14,2023-09-06 20:41:39,3D Math: Ultra is both simple and complex challenges!,,,,,,,,,,,,,,,,"{17130,17519,18623,31515,33603,36269,51577,55590,65827,79134}","{268435469,268435470,268435471,268435488}",,0,,,,,"{13,14,15,32}",,,,,2020-05-15 00:00:00,,"{3,6,14}","{321282,321283,321284}",,"{640917,640919,640920,640921,640922}",,249287,"{227573,470032}","{2053745,2124087}",,{154108},,{52391},1c5a0d2b-e2b4-2ea5-e97d-8e9627248846,,,,,,"{376662,376663,376664,376665,376666,376669,376670,376671,376672}",,
155734,3d Maze In Space,3d-maze-in-space,https://www.igdb.com/games/3d-maze-in-space,2021-07-13 10:09:11,2023-06-02 19:56:54,"3d labyrinth with procedurally generated levels. Character wakes up in an incomprehensible place and gradually remembers what happened, while making his assumptions about where he got into.",,,,,,,,,,,,,,,,,,,0,{1},{1},,,,,,,,2020-05-28 00:00:00,,{6},{462168},,"{522338,522339,522340,522341,522342}",,194077,"{461571,525951}","{2042428,2072867}",,,,{98424},ad762142-b693-0ff3-ef53-13fe83b11295,,,,,,"{524267,524268,524269,524270,524271,524272,524273,524274,524275,524276,524277,524278,524279,524280,524281,524282}",,
62961,3D Maze Man: Adventures in Winter Wonderland,3d-maze-man-adventures-in-winter-wonderland,https://www.igdb.com/games/3d-maze-man-adventures-in-winter-wonderland,2017-09-10 21:05:37,2024-01-22 22:15:38,Holiday-themed levels with Maze Man,,,,,,,,,,,,,,,,"{20342,25901,43367,51485,55190,56033,57187,87728,110503,117311}","{1,268435464,268435489,536871599,536871744,536872622}",,0,{4},{1},"{687,832,1710}",{1},"{8,33}",,,,,1998-12-31 00:00:00,,{6},{473419},,{1045685},{89160},37027,{374868},"{117339,1899943}",,{213591},,,ea0f279a-d16e-b4c9-53ec-c884b18a70cb,,,,,,,,{3685}
62962,3D Maze Man: Amazing Adventures,3d-maze-man-amazing-adventures,https://www.igdb.com/games/3d-maze-man-amazing-adventures,2017-09-10 21:05:41,2024-01-23 00:48:16,3D Pac-Man clone released in 1998. Hasbro Entertainment sued and had production and distribution of the game ceased in 2000.,,,,,,,,,,,,,,,,"{25636,54775,57296,58945,87622,95340,100800,103292,111130,113895}","{1,536871599,536876642}",,0,,,"{687,5730}",{1},,,,,,1998-12-31 00:00:00,,{6},{243288},,,,37028,{374867},"{117340,1899942}",,,,,4469c782-4259-0f7c-bd0e-7a4e641f7fca,,,,,,,,{3685}
56918,3D Mega Rides Avenger,3d-mega-rides-avenger,https://www.igdb.com/games/3d-mega-rides-avenger,2017-09-04 12:54:03,2023-05-17 13:21:40,3D Mega Rides Avenger,,,,,,,,,,,,,,,,"{17613,24436,32457,82594,82834,83192,87485,101573,105264,112754}","{268435469,536872060}",,0,,{1},,,{13},,,,,2016-05-04 00:00:00,,{6},{473676},,,,,{399474},"{104123,1925413}",,,,,c8515466-f18b-2698-c151-4d35ca737a64,,,,,,,,
299189,3D Mersi,3d-mersi,https://www.igdb.com/games/3d-mersi,2024-04-25 01:47:15,2024-04-30 18:53:46,"3D Mersi is a Block Out clone, published as a type-in listing in the October/November 1991 issue of CPC Amstrad International.",,,,,,,,,,,,,,,,,,,0,,{1},{5731},,"{9,33}",,,,,1991-12-31 00:00:00,,{25},{588051},,{1309973},{112211},379336,{633835},{2911700},,,,,8fccfb6e-6089-1b91-753c-fd13304ec6b2,,,,,,"{985219,985220}",,
41982,3D Mine Storm,3d-mine-storm,https://www.igdb.com/games/3d-mine-storm,2017-07-03 07:24:25,2024-01-29 03:23:10,"Mine Storm is the built-in game that came with every Vectrex unit. It was also released in a 3-D version that required the use of the Vectrex 3D Imager and as a bug-free replacement cartridge called Mine Storm 2 
 
Gameplay: 
Gameplay is similar to the arcade game Asteroids. The player moves around the screen shooting at star-shaped Mines of various sizes and mannerisms. Each screen has many dots, which can potentially turn into Mines; once a Mine is shot, two dots on the screen will turn into medium-sized Mines, which will then turn into two small Mines when shot (note: for the most part; sometimes, perhaps due to a glitch, a medium-sized Mine will just hatch one small Mine). When all dots have been turned into Mines on a screen, the Minelayer will come out, laying additional Mines in it's wake until the player destroys it. 
 
Making contact with any Mine, fireball, or Minelayer will destroy the player's ship and the game will end once there are no more reserve ships left (note: on some later versions, colliding with any piece of space dust or alien forces will also destroy the player's ship as well [see Trivia section]). Extra ships are earned after every four levels are cleared. The Escape function acts as Hyperspace, which moves the player's ship to a random area on the screen in case of emergency.",,,,,,,,,,,,,18769,,,"{306,10212,55038,57187,58095,68286,78770,105269,113362,117197}","{18,268435461}",,9,{3},{1},,{18},{5},,,,,1982-12-31 00:00:00,,{70},"{198657,198665}",,{108962},{36823},104711,"{142946,392429}","{59820,1864706,1918088}",,{101117},,,36224c23-6702-c6be-c392-1e51ebbe4ceb,,,,,,,,{6292}
242978,3D Miner,3d-miner,https://www.igdb.com/games/3d-miner,2023-03-28 10:28:03,2023-08-15 03:26:33,"A casual strategy mining game The game is designed with 30% luck + 40% aiming power + 30% decision (product mix) to determine whether you can finish the game In the mine with limited resources, with props, to maximize the benefits.",,,,,,,,,,,,,,,,"{19404,31515,33603,33646,36269,55590,65827,111043,115539,116674}","{268435471,268435488}",,0,{1},{1},,,"{15,32}",,,,,2023-03-28 00:00:00,,{6},{473677},{131507},"{1018690,1018691,1018692,1018693,1018694}",,314215,{540083},"{2687150,2687335}",,,,{104330},d5f97d56-3c30-5e75-c490-af6c9bc792ec,,,,,,{651678},,
11434,3D MiniGolf,3d-minigolf--1,https://www.igdb.com/games/3d-minigolf--1,2015-07-29 14:10:40,2023-08-06 13:56:19,"Experience virtual MiniGolf on your computer and master an entertaining match on over 50 challenging courses, 18 of which have been faithfully modelled after official courses in the real world. Three scenarios in glorious HD are waiting for the discerning mini golf enthusiast: a lovely green park, a camping site in the mountains and a dreamy sandy beach. Create your own profile to keep track of your statistics. Thanks to the integrated medal system you collect virtual rewards for your best matches. Try improving your own records in Challenge and Tournament mode or face off against your friends in Multiplayer mode. Enjoy exciting matches with 2-4 players.",,,,,,,40,,,40,0,0,,,,"{8422,15536,25311,28751,55038,58075,68286,103218,105269,119422}","{1,18,32,268435461,268435469,268435470,536870913,536870942,536871597,536871859,536871872,536874743,536875171}",,0,{3},"{1,2}","{1,30,685,947,960,3831,4259}","{1,18,32}","{5,13,14}",,{168446},,,2015-05-29 00:00:00,,"{6,14,48,130}","{71069,71070,118536,120169,145863}",{125970},"{86017,86018,86019,86020,86021}",,292956,{43424},"{8801,94749,108386,222476,320689,1115905,1924269,1943863}",,"{47418,47419,60534,60535}",{20880},,227cecb8-f441-15c2-acfa-429298ed37b1,,,,,,"{40490,40491,40492,40493,40494,40495,40497,40499,40500}",,
143059,3D MiniGolf,3d-minigolf--2,https://www.igdb.com/games/3d-minigolf--2,2021-02-01 22:31:33,2022-12-14 05:15:29,,,,,,,,,,,,,,,,,"{101573,109606,112846,114285,115869,116352,116353,116667,118871,120126}","{268435469,268435470}",,0,{1},"{1,2}",,,"{13,14}",,,,,2017-08-15 00:00:00,,"{48,167}",{377821},{83259},"{552014,552015,552016,552017}",,136967,,"{1997648,1997801,2064527,2077390,2119436,2120140,2241792}",,{143270},"{87691,87692}",,a2f971ff-3cdc-9f77-3c6f-80d0b4cbe2f4,,,,,,,,
147887,3D MiniGolf,3d-minigolf,https://www.igdb.com/games/3d-minigolf,2021-05-16 17:12:34,2024-10-01 10:19:22,"Experience virtual but realistic mini-golf and master an entertaining match on over 54 challenging holes, 18 of which faithfully modelled after official courses in the real world. Three scenarios in glorious HD are waiting for the discerning mini-golf enthusiast: a lovely green park, a camping site in the mountains and a dreamy sandy beach. Use your profile to keep track of your statistics. Thanks to the integrated medal system you collect virtual rewards for your best matches.",,,,,,,,,,,,,,,,"{27378,87017,114285,116353,118871,120126,120795,231072,266245,292144}","{40,268435469,268435470,268435489}",,0,,,,{40},"{13,14,33}",,,,,2018-02-01 00:00:00,,{130},{248149},,"{449542,449543,449544,449545,449546}",,307774,{398367},{2012216},,{134742},"{37122,64458}",{11900},3a3afff2-12f1-70eb-4e93-169da7db147d,,{187270},,,,"{495610,495611,495612,495613,495614}",,
187270,3D MiniGolf Remastered,3d-minigolf-remastered,https://www.igdb.com/games/3d-minigolf-remastered,2022-01-18 17:25:32,2022-12-14 08:39:02,,,,,,,,,,,,,,147887,,,,,,9,,,,,,,,,,2021-06-12 00:00:00,,{167},{337251},,,,203240,{481317},{2223521},,,{82747},,a5d40f29-fbef-8781-bd0d-5c57a550e1ba,,,,,,,,
168446,3D MiniGolf: Candy Shop,3d-minigolf-candy-shop,https://www.igdb.com/games/3d-minigolf-candy-shop,2021-09-09 09:46:12,2023-06-03 06:25:27,"New DLC ""Candy Shopf"" available! Sugar shock guaranteed!",,,,,,,,,,,,,11434,,,"{101573,109606,112846,114285,115869,116352,116353,116667,118871,120126}","{268435469,268435470}",,1,,,,,"{13,14}",,,,,2017-10-09 00:00:00,,"{6,14}","{321285,321286}",,"{614196,614197,614198,614199,614200,614201,614202}",,,"{220017,220018}",{2039321},,"{154109,154110}",,,a5a18089-9ba9-fa45-cb72-377ceff752fb,,,,,,"{529948,529949,529950,529951,529952,529953,529954,529955,529957}",,
90032,3D MMO Villagers & Heroes,3d-mmo-villagers-and-heroes,https://www.igdb.com/games/3d-mmo-villagers-and-heroes,2018-03-06 10:36:56,2022-12-14 01:05:26,,,,,,,,,,,,,,,,,,,,0,,,,,,,,,,,,,,,,,,{413553},"{270742,1956276}",,,,,30ce0777-b7e3-bb15-c4fe-e16562b4693f,,,,,,,,
25117,3D Monster Maze,3d-monster-maze,https://www.igdb.com/games/3d-monster-maze,2016-10-22 12:31:21,2024-01-13 17:09:02,"3D Monster Maze is a computer game developed from an idea by J.K.Greye and programmed by Malcolm Evans in 1981 for the Sinclair ZX81 platform with the 16 KB memory expansion. The game was initially released by J. K. Greye Software in early 1982 and re-released later the same year by Evans' own startup, New Generation Software. Rendered using low-resolution character block ""graphics"", it was one of the first 3D games for a home computer, and the first game incorporating typical elements of the genre that would later be termed survival horror.

3D Monster Maze puts the player in a maze with one exit and a hostile monster, the Tyrannosaurus rex. There, the player must traverse the maze, from the first-person perspective, and escape through the exit without being eaten.",,,,,,,,,,,,,,,,"{25646,43367,56033,68271,87514,87728,111130,114455,115304,116530}","{1,19,268435489,536870999,536871599,536872748,536875643}",,0,{1},{1},"{87,687,1836,4731}","{1,19}",{33},,,,,1981-12-01 00:00:00,,{373},{553165},,{444685},,140022,{397099},"{122508,1922954}",,{248205},,,f89ec6cb-2af3-7de8-babf-767206129922,,,,,,{879275},,
264371,3D Monster Maze,3d-monster-maze--1,https://www.igdb.com/games/3d-monster-maze--1,2023-09-01 15:19:59,2023-09-04 02:37:18,"A fan remake of the classic ZX Spectrum game featuring enhanced mazes, items, and full color graphics",,,,,,,,,,,,,,,,"{11668,26658,56033,87514,90965,109550,120201,177268,179739,249362}","{19,21,268435489,536870999,536873845}",,0,{1},{1},"{87,2933}","{19,21}",{33},,,,,2002-12-31 00:00:00,,{6},{511017},,,{97002},327438,,{2738636},{24409},,,,2ef1f1f6-a342-cebe-eed7-72c85ac49d37,,,,,,,,
144318,3D Morris,3d-morris,https://www.igdb.com/games/3d-morris,2021-03-06 20:54:19,2024-06-10 11:03:49,"3D Morris Prof simulates the famous board game Nine Men's Morris on your PC, including 5 levels from ""very easy"" to ""unbeatable"".

A realistic physics engine and advanced real-time graphics with realistic sound make this game to a unique experience.",The goal of the game is to close as many mills as possible to take the opponent pieces from the board. The player who has only two pieces or can't move his pieces has lost the game.,,,,1,,,,,,,,,,,"{8196,32510,60693,68045,78489,86922,86967,310988,312269,312270}",{268435491},,0,{5},"{1,2}",,,{35},,,,,2016-12-31 00:00:00,,{6},{569706},"{149312,149313}","{1263088,1263089,1263090,1263091,1263092}",{46736},367732,{452783},{1998880},,{257430},{169428},,57c7ebc3-3df0-3118-b33d-50555afb5c28,,,,,,"{918953,918954}",,
263635,3D Movie Maker,3d-movie-maker--1,https://www.igdb.com/games/3d-movie-maker--1,2023-08-28 13:20:45,2023-08-29 20:24:21,"Microsoft's 3D Movie Maker allows you to create your own 3D movies. Place your actors and props in the scene, choose actions for them to perform, and add sound effects, speech, music, and text. You can also explore the studio and theater building to find the lost pages of the Talent Book and learn the actors' stories.",,,,,,,,,,,,,,,,"{56328,127974,129777,129781,141497,151206,159092,210114,254494,280467}","{35,268435458}",{353},0,,{1},{604},"{33,35}",{2},,,,,1995-12-31 00:00:00,,{6},{509056},"{139630,139631}","{1126857,1126858,1126859,1126860,1126861,1126862,1126863,1126864,1126865,1126866,1126867,1126868,1126869,1126870}",,326722,"{577295,577703}",{2737077},,{229134},,,a7338277-2b00-4ea3-fb7d-8deba2a5b983,,,,,,"{784698,784699,784700,784701,784702,784703,784704}",,
62960,3D Ms. Maze: Tropical Adventures,3d-ms-maze-tropical-adventures,https://www.igdb.com/games/3d-ms-maze-tropical-adventures,2017-09-10 21:05:34,2024-01-22 21:55:51,"3D Ms. Maze: Tropical Adventures is a single-player 3D Pac-Man variant that is very similar in style to 3D Maze Man: Amazing Adventures and Lady Cruncher which are from the same developer.

In this game the player takes Ms. Maze through twenty tropical themed levels gobbling up many varieties of fruit, avoiding obstacles, using secret passages and conveyor belts while avoiding ghosts unless a power up has been eaten.",,,,,,,,,,,,,,,,"{15851,43367,56033,87728,90965,103369,112078,113895,119207,121036}","{1,268435489,536871599,536875697}",,0,{4},{1},"{687,4785}",{1},{33},,,,,1998-12-31 00:00:00,,{6},{479503},,"{1060827,1060828,1060829,1060830,1060831}",,306230,{374869},"{117338,1899944}",,{217596},,,35414234-6013-9288-4080-b474ad0bc988,,,,,,{701131},,{3685}
15577,3D Munchy,3d-munchy,https://www.igdb.com/games/3d-munchy,2015-12-31 18:33:02,2022-12-14 02:49:46,,,,,,,,,,,,,,,,,,,,0,,,,,,,,,,1983-12-31 00:00:00,,{69},{43018},,,,,{429251},{1972725},,,,,68d45268-529e-afbe-279d-1ad0c3687d37,,,,,,,,
307959,3D Museum,3d-museum--1,https://www.igdb.com/games/3d-museum--1,2024-07-09 15:10:07,2024-07-23 09:30:31,,,,,,,,,,,,,,,,,,,,0,,,,,,,,,,1994-12-31 00:00:00,,{487},"{615696,615697}",,,,,,{2932441},,,,,3e879d4a-d626-4ded-c922-9adda01bda7f,,,,,,{1034527},,
2385,3D Narrow Escape,3d-narrow-escape,https://www.igdb.com/games/3d-narrow-escape,2013-07-03 14:09:00,2024-01-29 03:37:40,"The goal in 3D Narrow Escape is to successfully navigate a ship through the narrow, fast-moving passages of the warlord's fortress, destroy the defense forces and avoid space debris. The player's ship must also be maneuvered through small holes in a series of walls where fuel cells can be picked up to restore the ship's constantly decreasing fuel supply. If the player pilots their ship successfully, they will be faced with the warlord's own escape ship which must be hit several times to be destroyed, liberating the star system from the warlord's tyranny. 
 
Each level becomes more difficult as everything will move faster, fuel will be consumed more quickly, the holes in the walls will become smaller, and more menacing defense forces will appear. 
 
Each level of game play consists of two phases: 
 
1. Passages: During the first phase of each level, the player must maneuver their ship through the narrow, moving passages with the joystick while shooting six of the warlord's defense forces with button 4. If any of the six are missed, they will go off-screen and be recycled to give the player another chance, but more fuel will be used. In addition to various defense forces which must be destroyed, there are extra targets that can be shot for additional points. Unlike the regular defense forces, the extra targets are non-threatening in that they will not shoot or crash into the player's ship. During this phase, space debris will also be shooting up through the play field. Space debris cannot be shot and can only be avoided by dodging it by moving from side to side. The walls of the narrow passage are also a danger to the player. If the player's ship crashes into a wall, a life will be lost. There are gaps between the moving walls which the player can maneuver quickly into and out of so as to avoid approaching enemies or space debris, however as game play becomes faster this will present a higher risk to crashing into oncoming walls. 
 
2. Walls: If the passages are successfully navigated and the the required six defense forces are destroyed, the player will enter the second phase. This is a series of walls with holes. In the first level of the game, there are five successive walls, each with one hole through which the player must maneuver their ship. In the second level of play, there will be six successive walls, in the third level, seven walls, etc. Also the size of the holes will become smaller in each new level. The hole will be in a different location on each wall. After passing through the hole in each wall (but prior to entering the hole in the next wall) there will be a fuel cell which must be passed to pick up. If the fuel cells are missed, the game will continue, but the fuel gauge will be continuously depleting. Note: in early levels of the game, all of the fuel cells will not need to be captured. However as the game progresses and fuel is consumed faster, all of the fuel cells will need to be captured in order to make it through the next level. 
 
After successfully completing three levels of play, the player will come face-to-face with the warlord's escape ship in open space. The warlord's ship must be shot five times to be destroyed during the first encounter, seven times on the next encounter, nine times the next, etc. The warlord's ship will shoot torpedoes at the player's ship, which can be either avoided or shot at to be destroyed. If the warlord's escape ship is destroyed, the player will enter the next level of play and the game will continue.",,,,,,,,,,,,,41986,,,"{10212,55038,57187,68286,78770,103301,105269,107318,113362,117197}","{18,268435461,536871859}",,9,{2},{1},{947},{18},{5},,,,,1983-12-31 00:00:00,,{70},{198664},,{387293},{30684},2448,"{121640,453127}","{59821,1999284}",,"{101118,101123,101124}",,,dbc49935-74e5-2f57-0096-c5def8766980,,,,,,,,{6293}
217715,3D Ninja Fighter,3d-ninja-fighter,https://www.igdb.com/games/3d-ninja-fighter,2022-09-15 00:34:00,2022-12-14 12:43:04,,,,,,,,,,,,,,,,,,,,0,,,,,,,,,,1993-12-31 00:00:00,,{411},{389650},,,,246295,{503810},{2587173},,{187218},,,ff3da3bd-8c20-c8f8-8cb7-91d5fc64fa4d,,,,,,,,
84660,3D OutRun,3d-outrun--2,https://www.igdb.com/games/3d-outrun--2,2018-01-30 18:33:14,2024-05-05 01:30:22,"3D OutRun is the critically acclaimed 1986 driving game designed by Yu Suzuki, re-mastered and enhanced for the Nintendo 3DS system. OutRun is a racing game originating in the arcades. The player can race across varied terrain in a readily available Ferrari, complete with a female passenger, over a series of short tracks.

Gameplay is viewed form just above and behind the car. The roads are full of sharp bends and hazards, contact with which can cause the car to roll and lose the player's time. On each section of track there is a fork in the road, allowing the player to choose which direction he or she wishes to go in. The player has to to complete five track sections in total, out of the fifteen in the game.

The re-mastered version includes all of Out Run’s original content alongside two new songs, and runs at 60 frames per second which is twice the speed of the original game. 3D Out Run also features a built in Stage Select option that allows players to save and resume progress mid-game, has adjustable difficulty settings, and includes unlockable car customization options that allow you to equip parts to improve your car. Additionally, players are able to choose from a number of real-life arcade cabinets wherein everything from the appearance to the environmental sounds of the specific cabinet.",,,,,,,88,,,88,0,0,2051,,,"{15851,27378,43367,56033,82090,87728,103018,112078,118871,119207}","{1,268435466,268435489,536871690,536877982,536911648}",,11,{2},{1},"{778,7070,40736}",{1},"{10,33}",,,{60943},,2015-03-11 00:00:00,,{37},"{145201,248075}",{114833},"{179759,179760,179761,179762,179763,179764,179765,179766,179767,179768,179769,179770}","{65649,65650}",227054,,"{28335,215647,2595455}",,"{128140,128142}","{36939,60484,100052}",{70474},bb635e3a-b032-e51b-2025-f11244cbbafa,,,,,,{492867},{10299},{379}
35324,3D Paraglider,3d-paraglider,https://www.igdb.com/games/3d-paraglider,2017-05-26 20:43:33,2023-06-16 01:36:05,"Do you dream of flying without restrictions, getting as close as possible to mother nature? If yes, then 3D Paraglider is for you.",,,,,,,40,,,40,0,0,,,,"{37419,47161,103218,103302,114285,115869,116353,118871,119422,120126}","{1,268435469,268435470}",,0,,"{1,2}",,{1},"{13,14}",,,,,2015-08-03 00:00:00,,"{3,6,14}","{81246,81247,81248}",,"{84988,84989,84990,84991,84992}",,38663,"{37100,379261}","{8568,108390,1904464}",,,,,ff769337-f474-e698-12e0-4ce01db4d6b9,,,,,,{191786},,
310358,3D Pets Vol 1,3d-pets-vol-1,https://www.igdb.com/games/3d-pets-vol-1,2024-07-25 18:58:45,2024-08-09 15:04:11,3D Pets Vol. 1 is a compilation of two educational games on a single CD: PC Pup and Splat! The Cat.,,,,,,,,,,,,,,,,"{17613,36346,65827,87485,101573,105264,112754,229354,310361,310362}","{268435469,536896229}",,3,,{1},{25317},,{13},,,,,1997-12-31 00:00:00,,{6},{621746},{155403},"{1365002,1365003,1365004}",,399989,,,,{277868},,,3a465cb4-8312-2292-2fca-0e4c14450444,,,,,,,,
310362,3D Pets: PC Pup,3d-pets-pc-pup,https://www.igdb.com/games/3d-pets-pc-pup,2024-07-25 19:10:16,2024-08-09 15:11:30,"3D Pets is a game where the player takes care of a variety of different creatures.

Each 3D Pet begins its life upon hatching out of an egg (yes, a dog hatches out of an egg!) and must be cared for at least 10 minutes per day. If you are unable to play with your pet there is a babysitter feature that does so until you return.

PC Pup is the second half of the first volume in the series, alongside Splat! The Cat.

Once you name your pup, you are free to explore a handful of interactive rooms including a bedroom with a stereo, bathroom with medicine in case the pet gets sick, living room with a television, and a garden where your pet must be trained to 'do its business', as well as others. Little thought bubbles will appear over PC Pup's head indicating what he wants the player to give him, or how he is feeling.

At the end of the pets lifespan, you will see him shrink slowly and then be presented with an 'Angel's Certificate' with stats about the pet's care listed. You may then hatch your next pet and let the circle of life continue.",,,,,,,,,,,,,,,,"{17613,24620,36346,65827,87485,101573,105264,112754,229354,310361}","{268435469,536896229}",,0,,{1},{25317},,{13},,,{310358},,1997-12-31 00:00:00,,{6},{621755},{155406},,,,,{2937981},,,,,c196d4fc-439a-9d51-544b-2053a54f213e,,,,,,,,
310361,3D Pets: Splat! The Cat,3d-pets-splat-the-cat,https://www.igdb.com/games/3d-pets-splat-the-cat,2024-07-25 19:07:04,2024-08-09 15:11:30,"3D Pets: Splat! The Cat is one in a series of nine virtual pets released by Neechez Innovation Limited.

All the games play in a similar manner. When installed the player has two new programs in the Windows Start menu, hatch.exe and, with this game, pcpet.exe. All creatures are first hatched, there are nine cats to hatch but only one can be alive at a time and the game only allows the player to hatch egg number one when the game is first played.

Each virtual pet needs at least ten minutes attention per day and if treated well it lives for sixty days at which point it becomes an egg again at which point a new egg is hatched and the process of training begins all over again. The game screen consists of a background around which the cat moves, in the upper left is a fish skeleton which is a hotspot for the game control menu, in the upper right is a question mark which opens the in-game help. The game control menu comprises a series of numbers and icons, the numbers show the cat's current status, some of the icons move the player from one location to another while others turn the cursor into one of the cat's toys.

The game is basic and quite easy to play, thought buttons appear over the cat's head showing whether it's hungry or wants to play. When in the kitchen the player can open a cupboard to get cat food, or they can open the fridge to get milk, to put into the feeding bowls. In the TV room the TV can be turned on to entertain the cat and if the fire is lit the cat will fall asleep in front of it. If the player is unable to play with their pet for a few days the game has a 'babysitter' function which automatically cares for the cat until the owner returns. The game also allows the player to play 'Connect 4' with their pet.",,,,,,,,,,,,,,,,"{17613,24620,36346,65827,87485,101573,105264,112754,229354,310362}","{268435469,536896229}",,0,,{1},{25317},,{13},,,{310358},,1997-12-31 00:00:00,,{6},{621750},{155405},"{1365011,1365012}",,399991,,{2937980},,,,,1fb6e6b5-1f97-2324-7136-8f85907af49e,,,,,,,,
97104,3D Pinball Express,3d-pinball-express,https://www.igdb.com/games/3d-pinball-express,2018-04-20 12:51:17,2023-08-07 00:01:26,3D Pinball Express is a pinball game from Cosmi. Features 4 fictional pinball machines.,,,,,,,,,,,,,,,,"{6130,25636,54775,57296,87622,95340,100800,103292,111130,113895}","{1,268435486,536873064}",,0,{1},{1},{2152},{1},{30},,,,,1999-12-31 00:00:00,,{6},{496521},,"{1093907,1093908,1093909,1093910}",{78114},321594,{363806},"{510033,1877423}",,"{223836,223837}",{69146},,70cc0ff2-e95a-a7c2-e637-4d7f3a2d1abb,,,,,,,,
292717,3D Pinball Hentai,3d-pinball-hentai,https://www.igdb.com/games/3d-pinball-hentai,2024-03-19 17:12:50,2024-03-19 17:44:24,,,,,,,,,,,,,,,,,"{40145,82750,82761,82857,89937,113283,115735,115741,119119,313004}",{42},,0,,,,{42},,,,,,,,,,,,,,,{1696807},,,,,8de5afe6-3ada-bea7-975a-62e4afe62df3,,,,,,,,
65061,3D Pinball Space Attack,3d-pinball-space-attack,https://www.igdb.com/games/3d-pinball-space-attack,2017-09-12 15:26:10,2023-08-10 11:27:57,"3D Pinball Space Attack is a pinball game for the iPhone and iPad.

TLK Games 3D Pinball Space Attack machine looks and reacts like a real bar machine with fantastic ballistics effects and realistic sounds. This table is a complete game with great graphic works, full sound effects, music and decor and its own rules. It offers a challenge to all levels of players. Real connoisseurs will enjoy it most. The high-tech ballistics is faultless, real 3D Real Time. The table can be adjusted for best visual comfort and you even may shake the table to a tilt. After a few minutes of games, you are immerged in the atmosphere of a Tin Pan Alley bar on a classy space attack pinball machine, fingers studded on the flipper commands, ready to fire to save the ball and reach a million Bonus.",,,,,,,,,,,,,,,,"{19737,28053,40329,49296,63920,64529,65065,65588,67355,82093}","{268435486,536871846,536873064,536875046,536875368}",,0,,{1},"{934,2152,4134,4456}",,{30},,,,,2010-05-13 00:00:00,8,{39},{479583},,"{1060871,1060872}",,45891,"{175017,372356,554532}","{121994,1897334}",,{217629},,,70acaef9-b33c-f77b-8ab4-71d4b82406b6,,,,,,"{701142,701143,701144}",,
79247,3D Pinball: Space Cadet,3d-pinball-space-cadet,https://www.igdb.com/games/3d-pinball-space-cadet,2017-12-29 22:05:34,2024-09-10 05:49:24,A pinball game that came free on many computers pre-installed with some Windows operating systems.,"The Space Cadet table features the player as a member of a space fleet that completes missions to increase rank. Players can attain 9 different ranks (listed from lowest to highest): Cadet, Ensign, Lieutenant, Captain, Lieutenant Commander, Commander, Commodore, Admiral, and Fleet Admiral. Players accept a mission by hitting ""mission targets"" which select which mission they will take, and by going up the ""launch ramp"". Each mission has a set number of things for players to do, such as hitting the ""attack bumpers"" (which are a set of four bumpers at the top of the table) eight times (this is the ""target practice"" mission). Some missions involve a number of steps which must be completed in sequence. Missions end either by being completed, or by being aborted due to running out of ""fuel"", as indicated by the lights in the passage that passes under the launch ramp. The ""fuel"" lights go out one by one at a time interval, and can be re-lit by having the ball go over them, or all at once by going up the launch ramp again. Upon completing a mission, some of the blue lights in a circle in the middle of the table turn on. When all of the lights in the blue circle turn on, the player's rank increases, and a light in the orange circle turns on.",,,,,,70.61927950499110,,,70.61927950499110,31,31,23335,,,"{13200,17130,24620,26766,37205,39249,43245,64477,66089,89550}","{18,268435486,536875151,536875368}",,11,{3},{1},"{4239,4456}",{18},{30},,,,,1995-10-31 00:00:00,,{6},{569709},"{37734,56399,148803}","{1263093,1263094,1263095,1263096,1263097}",{27285},318016,"{107327,173868,345149,618910}","{134230,495796}",,"{120644,223784}",{169430},,37019f48-100d-337b-bd98-a7e1910c5666,,,,,,"{929847,929848}",,{8886}
307323,3D Pinball: Space Cadet NDS,3d-pinball-space-cadet-nds,https://www.igdb.com/games/3d-pinball-space-cadet-nds,2024-07-01 03:25:02,2024-07-21 00:56:05,3D Pinball: Space Cadet NDS is a mod for 3D Pinball: Space Cadet that ports the game to the Nintendo DS using the 3D Pinball: Space Cadet decompilation project.,,,,,,,,,,,,,79247,,,"{71332,256659,259359,261802,264446,273530,274848,289407,307560,312266}","{268435486,536898029}",,5,,{1},{27117},,{30},,,,,2024-06-30 00:00:00,,{20},{611588},,"{1349413,1349414,1349415}",,393264,{650305},,,{273980},,,b0ff3e9b-8e67-55bb-d0be-e1729332d953,,,,,,,,
92859,3D Pitfall,3d-pitfall,https://www.igdb.com/games/3d-pitfall,2018-03-16 13:05:10,2022-12-13 17:09:20,,,,,,,,,,,,,,,,,"{25646,55199,76253,87622,96217,103292,106805,106987,111130,115280}","{1,268435487}",,0,,,,{1},{31},,,,,1995-12-31 00:00:00,,{13},{152897},,,,,{361231},"{141233,1874666}",,,,,7e818565-f646-91cb-25b6-df3749364512,,,,,,,,
313935,3D Pixel Dungeon,3d-pixel-dungeon,https://www.igdb.com/games/3d-pixel-dungeon,2024-08-16 20:46:06,2024-09-13 21:50:50,,,,,,,,,,,,,,9795,,,"{7615,9472,13196,17548,19404,93694,96217,106987,112191,115653}","{17,21,268435468,268435472,268435488}",,12,{3},{1},,"{17,21}","{12,16,32}",,,,,2018-06-14 00:00:00,,"{6,34}","{630609,630610}",,,,405574,,{2946885},,,,,175557eb-3da6-31a4-f95c-89f9cfc71ce1,,,,,,,,
51055,3D Pixel Racing,3d-pixel-racing,https://www.igdb.com/games/3d-pixel-racing,2017-07-14 19:16:12,2023-08-22 01:36:24,"Classic 8-bit graphics clash with the modern 3D era – welcome to the world’s first 3D pixel retro-cool racing game. 
Challenge up to four friends in crazy race modes. Enjoy fast arcade action and unlock new tracks and cars. Turn on your headlights and experience the thrill of a night race. Select your favorite car and get ready to burst ahead in the first 3D pixel championship of the world. Game modes include Single Race, Championship, Capture the Flag, Hot Pursuit and Time Trial. Variable weather conditions (sun, fog, rain, snow) are also included.",,,,,,,,,,,,,,,,"{69092,69725,72624,73154,73422,77121,79756,80382,80441,109292}","{268435466,536871507,536875117}",,0,,,"{595,4205}",,"{10,33}",,,,,2011-08-14 00:00:00,,{5},{97005},,"{179771,179772,179773,179774,179775,179776,179777,179778,179779}",,46898,"{371100,575155,575156}","{36959,124449,215648,1896029,2733713}",,,{70260},,dc58a0bf-09a0-4509-9c86-78a6de03c08c,,,,,,,,
92272,3D Pocket Pool,3d-pocket-pool,https://www.igdb.com/games/3d-pocket-pool,2018-03-16 10:31:38,2024-04-03 03:31:56,,,,,,,,,,,,,,,,,"{93920,109606,114286,116343,116349,116350,116351,116352,116353,119947}",{268435470},,0,,{1},,,{14},,,,,2001-03-30 00:00:00,,{22},"{580190,580191}","{150245,150246}",,{34177},93451,{370537},"{125712,1895386}",,"{93637,93638}",,,12f213c3-35d2-c951-4492-59f8bbba7abc,,,,,,,,
176772,3D Pong,3d-pong,https://www.igdb.com/games/3d-pong,2021-10-17 15:10:19,2023-03-22 14:50:17,Free 3d-pong game with splitscreen.,,,,,,,,,,,,,,,,"{25636,57296,87622,87728,95340,100800,103292,105233,109277,113895}",{1},,0,,"{1,4}",,{1},,,,,,2017-02-06 00:00:00,,{82},{462172},,"{665234,665236,665238,665239}",{86587},,"{236723,473392}","{2134080,2134961}",,,,,7bb6dec9-4f31-fa43-96f9-ffb0a05d6b48,,,,,,,,
11873,3D Pool,3d-pool,https://www.igdb.com/games/3d-pool,2015-08-31 10:47:09,2023-07-25 23:19:30,Stunningly realistic true to life 3D pool simulation. The first 3-dimensional computer Pool game that lets you view the table from almost any angle you choose! Rotate and tilt the cue ball into the pack. You've never seen anything like it!,,,,,,,,,,,,,,,,"{101573,106814,112846,114285,115869,116353,116667,118871,119422,120126}","{268435469,268435470,536870966}",,0,{1},"{1,2}",{54},,"{13,14}",,,,,1989-12-31 00:00:00,,"{13,15,16,25,27,63,69}","{33230,33231,33234,33235,35089,39787,43019}",{5064},"{53415,53416,53417,53418,53419}",,217949,"{77355,356456,526692}","{4387,16793,150399,1869605}",,{27259},,,7505e593-083b-8764-2f1f-10c83c8e802a,,,,,,"{298066,298067,298068,298069,298070,298071}",,
205948,3D Pool,3d-pool--1,https://www.igdb.com/games/3d-pool--1,2022-06-21 16:01:08,2023-08-04 08:51:05,"With 3D Pool you can enjoy the ultimate billiards and pool experience in the comfort of your own home!

Step up to the virtual table and show what you can do with a cue! In addition to the pool hall classic eight-ball, you can also play nine-ball, ten-ball and even snooker! Whether alone against the computer or in a duel against a real player on the same computer, you'll send balls careening across the table in four selectable, highly-detailed rooms as you work your way up the local high score list.",,,,,,,,,,,,,,,,"{12928,14547,64994,72788,76173,109606,114286,116350,116352,116353}","{268435470,536871212,536871415,536872070,536872928}",,0,"{1,3}","{1,2}","{300,1158,2016}",,{14},,,,,2016-06-17 00:00:00,,{6},{430357},{118432},"{947202,947203,947204,947205,947206}",,274520,"{332277,332278,494776}",{2451436},{21691},"{196240,196241}","{75608,107876}",,f757c428-6c44-6020-96a3-5abd90437da6,,,,,,,,
92596,3D Pool All Stars,3d-pool-all-stars,https://www.igdb.com/games/3d-pool-all-stars,2018-03-16 12:12:50,2023-05-30 10:22:17,3D Pool All Stars is a billiards game developed by Titus Interactive and published by Virgin Interactive for the Game Boy Color platform.,,,,,,,,,,,,,,,,"{93920,109606,114286,116343,116349,116350,116351,116352,116353,119947}",{268435470},,0,,{1},,,{14},,,,,2002-09-11 00:00:00,,{22},{479600},,,,306291,{371303},"{124037,1896240}",,"{217630,217631}",{75610},,347a42e2-9074-721f-bf21-a3e55e840852,,,,,,{701145},,
227088,3D Pool Ball: Infinity,3d-pool-ball-infinity,https://www.igdb.com/games/3d-pool-ball-infinity,2022-11-19 21:27:17,2023-05-30 10:22:44,"Welcome to the 3D Pool Ball game! How about a nice little game of pool? Precise the cue steering, set the angle and hit the ball. Hone your skills and play on beautiful billiard tables as you travel around the world in 3D Pool Ball now!",,,,,,,,,,,,,,,,"{17613,77597,109606,114286,116349,116350,116351,116352,116353,217605}","{35,268435470,268435471}",,0,{3},{1},,{35},"{14,15}",,,,,2022-10-09 00:00:00,,{6},{479601},,{1060873},,271034,{511734},"{2615988,2633176}",,,"{115715,115716,115717,115718}",{93060},c2c2b489-6356-8440-767d-15915b22f838,,,,,,{701146},,
88273,3D Pool Game,3d-pool-game,https://www.igdb.com/games/3d-pool-game,2018-02-21 17:40:25,2022-12-14 01:11:01,,,,,,,,,,,,,,,,,,,,0,,,,,,,,,,,,,,,,,,{414472},"{223861,1957249}",,,,,90d20188-d82e-d8ef-71f6-c942fa181904,,,,,,,,
89352,3D Pool: Billiards and Snooker,3d-pool-billiards-and-snooker,https://www.igdb.com/games/3d-pool-billiards-and-snooker,2018-02-26 09:08:18,2024-10-01 10:22:12,Step up to the virtual table and show what you can do with a cue!,,,,,,,20,,,20,0,0,,,,"{27378,87053,112846,114285,114432,115869,116353,116667,118871,120126}","{268435469,268435470,268435489}",,0,,,,,"{13,14,33}",,,,,,,,,,"{771676,771677,771678,771679,771680,771681}",,242300,{411851},"{260435,1954501}",,,{64755},{73516},22bb37df-b397-d258-642d-39d809a4953e,,,,,,"{496229,496230,496231,496232,496233}",,
84659,3D Power Drift,3d-power-drift,https://www.igdb.com/games/3d-power-drift,2018-01-30 18:33:12,2024-09-12 08:23:24,"It's SEGA's classic arcade game Power Drift, in 3D!",,,,,,,,,,,,,12719,,,"{25905,26853,27378,80382,90965,103018,109292,111151,310968,312250}","{268435466,268435489}",,11,{2},{1},,,"{10,33}",,,{19891},,2016-11-02 00:00:00,,{37},"{145204,145864}",{111337},"{1140843,1140844,1140845}",,292151,,"{215649,2595964}",,"{230739,239441}","{87693,97918}",,96a892fe-d505-7f29-4beb-865bf2cad391,,,,,,,{10298},
287116,3D Printer: PrintMaster Simulator,3d-printer-printmaster-simulator,https://www.igdb.com/games/3d-printer-printmaster-simulator,2024-02-16 01:55:32,2024-02-20 08:38:03,"Print, Build, Thrive - Your 3D Workshop Awaits!",,,,,,,,,,,,,,,,"{17613,24620,27792,31515,36269,36346,55590,65827,76340,112754}","{34,268435469,268435471}",,0,,{1},,{34},"{13,15}",,,,,2024-03-29 00:00:00,,{130},{565021},,"{1243815,1243816,1243817,1243818,1243819,1243820}",,363196,,{2888315},,,"{167182,168013}",{128605},776ce3db-24c4-7235-a75c-a198c7537117,,,,,,{908522},,
273297,3D PrintMaster Simulator,3d-printmaster-simulator,https://www.igdb.com/games/3d-printmaster-simulator,2023-10-23 08:44:53,2024-02-01 21:15:35,"The ultimate 3D printing simulation and management game! Dive into the world of 3D printing technology, where you'll build, customise, and manage your very own 3D printing workshop!",,,,,,,,,,,,,,,,"{17613,24620,36346,65827,76340,87485,100794,101573,105264,112754}",{268435469},,0,,,,,{13},,,,,2023-10-20 00:00:00,,{48},{530733},,"{1172928,1172929,1172930,1172931,1172932,1172933,1172934}",,342226,,"{2854964,2854985,2854990,2855378}",,,{156980},"{120904,120905,120906}",8e7f9936-b9c9-05b3-8005-085d7262ea21,,,,,,{824846},,
87195,3D Puyo Puyo 2: Tsuu,3d-puyo-puyo-2-tsuu,https://www.igdb.com/games/3d-puyo-puyo-2-tsuu,2018-02-15 12:49:04,2024-08-11 01:22:42,3D Puyo Puyo 2: Tsuu is the Nintendo 3DS port of the arcade game Puyo Puyo Tsuu. The game added stereoscopic 3D to the arcade game.,,,,{1800},,,,,,,,,45976,,,"{19164,24426,28070,54775,55199,55984,60044,96217,106987,113636}","{1,17,268435465,536896559}",,11,{4},{1},{25647},"{1,17}",{9},,,{19891},,2015-12-23 00:00:00,,{37},{242546},"{70602,70603,114710}",,,224026,{209867},"{233630,2596020}",,"{172778,239456}",{99953},,c763ad05-a30c-be25-e442-701d71200153,,,,,,,{10481},{3350}
308949,3D Puzzle: Abandoned Prison,3d-puzzle-abandoned-prison,https://www.igdb.com/games/3d-puzzle-abandoned-prison,2024-07-18 07:01:14,2024-08-12 14:11:30,"Collect a 3D puzzle, transferring things to the right places to create a beautiful place.",,,,,,,,,,,,,,,,"{25311,26145,26574,28182,35994,55077,79134,96217,106987,109339}","{1,268435466,268435468,268435469,268435470,268435471,268435487,268435488}",,0,,{1},,{1},"{10,12,13,14,15,31,32}",,,,,2024-07-21 00:00:00,,"{3,6,14}","{620058,620059,620060}",,"{1356415,1356420,1356426,1356429,1356432}",,397975,"{654150,654884}","{2928170,2930786}",,,,{141188},808bebcd-73a9-69d0-9bed-7ec8ef33b9ba,,,,,,"{1038860,1039513,1039514,1039515,1039516,1039517,1039518,1039519,1039520,1039521,1039522,1039523,1039524,1039525,1039526,1039527,1039528,1039529,1039530,1039531,1039532,1039533,1039534,1039535,1039536,1039537,1039538,1039539,1039540,1039541,1039542,1039543,1039544,1039545,1039546,1039547,1039548,1039549,1039550,1039551,1039552,1039553,1039554,1039555,1039556,1039557,1039558,1039559,1039560,1039561,1039562,1039563,1039564,1039565,1039566,1039567,1039568,1039569,1039570,1039571,1039572,1039573,1039574,1039575,1039576,1039577,1039578,1039579,1039580,1039581,1039582,1039583,1039584,1039585,1039586,1039587,1039588}",,
197582,3D Puzzle: Alchemist House,3d-puzzle-alchemist-house,https://www.igdb.com/games/3d-puzzle-alchemist-house,2022-04-12 20:35:17,2023-08-06 07:29:00,"Collect a 3D puzzle, transferring things to the right places to create a beautiful house.",,,,,,,,,,,,,,,,"{25311,25646,35994,37419,79134,87975,96217,106987,111130,113895}","{1,268435469,268435487,268435488}",,0,,{1},,{1},"{13,31,32}",,,,,2022-04-15 00:00:00,,"{3,6,14}","{462173,462174,462175}",,"{777173,777174,777175,777176,777177}",,249288,"{276028,488938}","{2415435,2416420}",,,,{74484},a5e2954a-d1d3-f5b4-2bde-e62cd1224b04,,,,,,"{376411,376413,376414,376415,376416,376418,376420,376422,376424,376427,376428,376429,376430,376431,376432,376433,376434,376435,376436,376437,376438,376439,376440,376441,376442}",,
254034,3D Puzzle: Battle Royal,3d-puzzle-battle-royal,https://www.igdb.com/games/3d-puzzle-battle-royal,2023-06-19 10:34:02,2023-08-15 12:29:25,"Collect a 3D puzzle, transferring things to the right places to create a beautiful place.",,,,,,,,,,,,,,,,"{25311,26145,26574,28182,35994,55077,79134,96217,106987,109339}","{1,268435466,268435468,268435469,268435470,268435471,268435487,268435488}",,0,,{1},,{1},"{10,12,13,14,15,31,32}",,,,,2023-07-05 00:00:00,,"{3,6,14}","{488400,488401,488402}",,"{1075872,1075873,1075874,1075875,1075876}",,314216,{559648},"{2714805,2715427}",,,,{110447},bd20372d-2bf1-5609-603c-103c680355b9,,,,,,"{715039,721607,721608,721609,721610,721611,721612,721613,721614,721615,721616,721617,721618,721619,721620,721621,721622,721623,721624,721625,721626,721627,721628,721629,721630}",,
311853,3D Puzzle: Bedroom,3d-puzzle-bedroom,https://www.igdb.com/games/3d-puzzle-bedroom,2024-08-01 07:38:33,2024-08-21 05:38:16,"Collect a 3D puzzle, transferring things to the right places to create a beautiful place.",,,,,,,,,,,,,,,,"{32902,37419,40524,43367,96217,105233,106987,111130,113895,119121}","{1,268435488}",,0,,{1},,{1},{32},,,,,2024-08-15 00:00:00,,"{3,6,14}","{632605,632606,632607}",,"{1373637,1373639,1373640,1373643,1373645}",,401991,"{659836,666130}","{2931262,2935708}",,,,{143251},fc701f9d-3a10-ccf9-3d4e-1f71875e5e1f,,,,,,"{1060274,1060275,1060276,1060277,1060278,1060279,1060280,1060281,1060282,1060283,1060284,1060285,1060286,1060287,1060288,1060289,1060290,1060291,1060292,1060293,1060294,1060295,1060296,1060297,1060298,1060299,1060300,1060301,1060302,1060303,1060304,1060305,1060306,1060307,1060308,1060309,1060310,1060311,1060312,1060313,1060314,1060315,1060316,1060317,1060318,1060319,1060320,1060321,1060322,1060323,1060324,1060325,1060326,1060327,1060328,1060329,1060330,1060331,1060332,1060333,1060334,1060335,1060336,1060337,1060338,1060339,1060340,1060341,1060342,1060343,1060344,1060345,1060346,1060347,1060348,1060349,1060350,1060351}",,
280314,3D Puzzle: Breaking Bed,3d-puzzle-breaking-bed,https://www.igdb.com/games/3d-puzzle-breaking-bed,2023-12-13 20:27:32,2024-07-01 00:02:00,"Collect a 3D puzzle, transferring things to the right places to create a beautiful place.",,,,,,,,,,,,,,,,"{25311,26145,26574,28182,35994,55077,79134,96217,106987,109339}","{1,268435466,268435468,268435469,268435470,268435471,268435487,268435488}",,0,,{1},,{1},"{10,12,13,14,15,31,32}",,,,,2023-12-26 00:00:00,,"{6,14}","{611435,611436}",,"{1210018,1210021,1210024,1210027,1210030}",,351100,{603125},"{2870950,2871298}",,,,{125113},2e9e381f-21d3-40a0-b0d5-a33fb7f9527b,,,,,,"{866384,869970,869971,869972,869973,869974,869975,869976,869977,869978,869979,869980,869981,869982,869983,869984,869985,869986,869987,869988,869989,869990,869991,869992,869993,869994}",,
270864,3D Puzzle: Building,3d-puzzle-building,https://www.igdb.com/games/3d-puzzle-building,2023-10-10 05:29:01,2023-10-19 03:01:35,"Collect a 3D puzzle, transferring things to the right places to create a beautiful place.",,,,,,,,,,,,,,,,"{25311,26145,26574,28182,35994,55077,79134,96217,106987,109339}","{1,268435466,268435468,268435469,268435470,268435471,268435487,268435488}",,0,,{1},,{1},"{10,12,13,14,15,31,32}",,,,,,,,,,"{1162225,1162227,1162230,1162233,1162236}",,336228,{587928},"{2749494,2752668}",,,,{119777},dc4b7fd5-a8d3-dc83-af37-1ba241f781a5,,,,,,"{814145,821788,821789,821790,821791,821792,821793,821794,821795,821796,821797,821798,821799,821800,821801,821802,821803,821804,821805,821806,821807,821808,821809,821810,821811}",,
200970,3D Puzzle: Castle,3d-puzzle-castle,https://www.igdb.com/games/3d-puzzle-castle,2022-05-12 11:43:55,2023-08-06 08:16:27,"Collect a 3D puzzle, transferring things to the right places to create a beautiful house.",,,,,,,,,,,,,,,,"{25311,26574,35994,36269,36553,65827,78550,79134,109339,111130}","{1,268435469,268435471,268435487,268435488}",,0,,,,{1},"{13,15,31,32}",,,,,2022-05-19 00:00:00,,"{3,6,14}","{452536,452537,452538}",,"{792168,792169,792170,792171,792172,792173}",,249289,"{282923,491373}","{2439011,2439024}",,,,{76213},f50abad4-db99-2aa1-dfef-100bfc396f94,,,,,,"{356581,356584,356586,356587,356589,356590,356591,356592,356593,356594,356595,356597,356598,356600,356605,356609,356612,356614,356616,356618,356620,356622,356623,356629,356631}",,
312478,3D Puzzle: Courtyard,3d-puzzle-courtyard,https://www.igdb.com/games/3d-puzzle-courtyard,2024-08-05 00:45:40,2024-08-15 18:53:11,"Collect a 3D puzzle, transferring things to the right places to create a beautiful place.",,,,,1,,,,,,,,,,,"{25311,25646,26574,35994,36553,55190,78550,79134,109129,109339}","{1,268435465,268435469,268435471,268435487,268435488}",,0,{1},{1},,{1},"{9,13,15,31,32}",,,,,2024-08-18 00:00:00,,"{3,6,14}","{625714,625715,625716}",,"{1376901,1376902,1376903,1376904,1376905}",,402845,{660713},"{2936640,2936836}",,,,{143631},c9789fb8-fec5-a655-e33e-c26fe4f1421f,,,,,,"{1064988,1066424,1066425,1066426,1066427,1066428,1066429,1066430,1066431,1066432,1066433,1066434,1066435,1066437,1066439,1066440,1066441,1066442,1066443,1066444,1066445,1066446,1066447,1066448,1066449}",,
253424,3D Puzzle: Desert Wind,3d-puzzle-desert-wind,https://www.igdb.com/games/3d-puzzle-desert-wind,2023-06-16 05:42:24,2023-08-15 16:36:26,"Collect a 3D puzzle, transferring things to the right places to create a beautiful house.",,,,,,,,,,,,,,,,"{25311,26145,26574,28182,35994,55077,79134,96217,106987,109339}","{1,268435466,268435468,268435469,268435470,268435471,268435487,268435488}",,0,,{1},,{1},"{10,12,13,14,15,31,32}",,,,,2023-07-05 00:00:00,,"{3,6,14}","{488404,488405,488406}",,"{1071699,1071700,1071701,1071702,1071703}",,314217,{558736},"{2713621,2715194}",,,,{109981},d55e8fdf-1532-244e-5255-be8c578c7d59,,,,,,"{711690,721683,721684,721685,721686,721687,721688,721689,721690,721691,721692,721693,721694,721695,721696,721697,721698,721699,721700,721701,721702,721703,721704,721705,721706}",,
312479,3D Puzzle: Deserted Village,3d-puzzle-deserted-village,https://www.igdb.com/games/3d-puzzle-deserted-village,2024-08-05 00:45:41,2024-08-17 03:16:02,"Collect a 3D puzzle, transferring things to the right places to create a beautiful place.",,,,,,,,,,,,,,,,"{25311,26145,26574,28182,35994,55077,79134,96217,106987,109339}","{1,268435468,268435469,268435470,268435471,268435487,268435488}",,0,{1},{1},,{1},"{12,13,14,15,31,32}",,,,,2024-08-15 00:00:00,,"{3,6,14}","{630786,630787,630788}",,"{1376909,1376913,1376916,1376918,1376920}",,403505,"{660715,664884}","{2934701,2936827}",,,,{143633},9d9e7217-1f60-d06a-2b6f-4eac1807ad53,,,,,,"{1064991,1071414,1071417,1071420,1071424,1071428,1071432,1071436,1071437,1071438,1071439,1071440,1071441,1071442,1071443,1071444,1071445,1071446,1071447,1071448,1071449,1071450,1071451,1071452,1071453,1071454}",,
283076,3D Puzzle: Factory,3d-puzzle-factory,https://www.igdb.com/games/3d-puzzle-factory,2024-01-18 09:37:14,2024-05-23 02:10:07,"Collect a 3D puzzle, transferring things to the right places to create a beautiful place.",,,,,,,,,,,,,,,,"{25311,26145,26574,28182,35994,55077,79134,96217,106987,109339}","{1,268435466,268435468,268435469,268435470,268435471,268435487,268435488}",,0,,{1},,{1},"{10,12,13,14,15,31,32}",,,,,2024-01-22 00:00:00,,"{6,14}","{596642,596643}",,"{1220382,1220385,1220389,1220392,1220395}",,356737,{608380},"{2874920,2881477}",,,,{126047},9d4d566d-b9e0-60d3-5c69-9ebc2a5a48c7,,,,,,"{881561,881562,881563,881564,881565,881566,881567,881568,881569,881570,881571,881572,881573,881574,881575,881576,881577,881578,881579,881580,881581,881582,881583,881584,881585,881586}",,
197877,3D Puzzle: Farm House,3d-puzzle-farm-house,https://www.igdb.com/games/3d-puzzle-farm-house,2022-04-14 17:43:05,2023-08-06 11:08:53,"Collect a 3D puzzle, transferring things to the right places to create a beautiful house.",,,,,,,,,,,,,,,,"{25311,25646,35994,37419,79134,87975,96217,106987,111130,113895}","{1,268435469,268435487,268435488}",,0,,{1},,{1},"{13,31,32}",,,,,2022-04-22 00:00:00,,"{3,6,14}","{462176,462177,462178}",,"{777989,777991,777992,777994,777995}",,249290,"{276835,489190}","{2416832,2416843}",,,,{74529},9e2f3eb9-b958-289f-64bb-1df4758a3050,,,,,,"{565406,565407,565408,565409,565410,565411,565412,565413,565414,565415,565416,565417,565418,565419,565420,565421,565422,565423,565424,565425,565426,565427,565428,565429,565430}",,
253426,3D Puzzle: Farming,3d-puzzle-farming,https://www.igdb.com/games/3d-puzzle-farming,2023-06-16 05:42:27,2023-09-16 10:18:28,"Collect a 3D puzzle, transferring things to the right places to create a beautiful house.",,,,,,,,,,,,,,,,"{25311,26145,26574,28182,35994,55077,79134,96217,106987,109339}","{1,268435466,268435468,268435469,268435470,268435471,268435487,268435488}",,0,,{1},,{1},"{10,12,13,14,15,31,32}",,,,,2023-06-22 00:00:00,,"{3,6,14}","{486004,486005,486006}",,"{1071706,1071708,1071710,1071712,1071713}",,314218,{558738},"{2713616,2715206}",,,,{109983},d448cdbb-0703-6c41-feae-e6b50777f48d,,,,,,"{711692,715829,715830,715831,715832,715833,715834,715835,715836,715837,715838,715839,715840,715841,715842,715843,715844,715845,715846,715847,715848,715849,715850,715851,715852}",,
274644,3D Puzzle: Farming 2,3d-puzzle-farming-2,https://www.igdb.com/games/3d-puzzle-farming-2,2023-10-31 09:59:00,2024-08-11 22:00:24,"Collect a 3D puzzle, transferring things to the right places to create a beautiful place.",,,,,1,,,,,,,,,,,"{25311,26145,26574,28182,35994,79134,96217,103232,106987,109339}","{1,268435466,268435468,268435469,268435471,268435487,268435488}",,0,,{1},,{1},"{10,12,13,15,31,32}",,,,,,,,,,"{1179964,1179966,1179968,1179970,1179972}",,340938,{593174},"{2857960,2858241}",,,,{121764},83bac847-c892-7140-eaf9-7569bbb32a0e,,,,,,"{831759,839468,839469,839470,839471,839472,839473,839474,839475,839476,839477,839478,839479,839480,839481,839482,839483,839484,839485,839486,839487,839488,839489,839490,839491,839492}",,
309716,3D Puzzle: Flooded Grounds,3d-puzzle-flooded-grounds,https://www.igdb.com/games/3d-puzzle-flooded-grounds,2024-07-24 06:32:37,2024-08-16 01:04:28,"Collect a 3D puzzle, transferring things to the right places to create a beautiful place.",,,,,,,,,,,,,,,,"{25311,26145,26574,28182,35994,79134,96217,103232,106987,109339}","{1,268435466,268435468,268435469,268435471,268435487,268435488}",,0,,{1},,{1},"{10,12,13,15,31,32}",,,,,2024-07-23 00:00:00,,"{3,6,14}","{630065,630066,630067}",,"{1360618,1360619,1360620,1360621,1360622}",,399119,"{656321,664404}","{2930896,2932809}",,,,{141771},b304e195-e1c6-6e35-24f4-02d00252641e,,,,,,"{1044479,1044480,1044481,1044482,1044483,1044484,1044485,1044486,1044487,1044488,1044489,1044490,1044491,1044492,1044493,1044494,1044495,1044496,1044497,1044498,1044499,1044500,1044501,1044502,1044503,1044504,1044505,1044506,1044507,1044508,1044509,1044510,1044511,1044512,1044513,1044514,1044515,1044516,1044517,1044518,1044519,1044520,1044521,1044522,1044523,1044524,1044525,1044526,1044527,1044528,1044529,1044530,1044531,1044532,1044533,1044534,1044535,1044536,1044537,1044538,1044539,1044540,1044541,1044542,1044543,1044544,1044545,1044546,1044547,1044548,1044549,1044550,1044551,1044552,1044553,1044554,1044555,1044556}",,
308948,3D Puzzle: Hangar,3d-puzzle-hangar,https://www.igdb.com/games/3d-puzzle-hangar,2024-07-18 07:01:12,2024-07-21 10:23:29,"Collect a 3D puzzle, transferring things to the right places to create a beautiful place.",,,,,,,,,,,,,,,,"{25311,26145,26574,28182,35994,55077,79134,96217,106987,109339}","{1,268435466,268435468,268435469,268435470,268435471,268435487,268435488}",,0,,{1},,{1},"{10,12,13,14,15,31,32}",,,,,2024-07-18 00:00:00,,"{3,6,14}","{620191,620192,620193}",,"{1356441,1356444,1356446,1356449,1356451}",,397980,"{654156,655056}","{2926882,2930785}",,,,{141194},bf40ef70-f002-49eb-b095-05f960505b2e,,,,,,"{1039174,1039175,1039176,1039177,1039178,1039179,1039180,1039181,1039182,1039183,1039184,1039185,1039186,1039187,1039188,1039189,1039190,1039191,1039192,1039193,1039194,1039195,1039196,1039197,1039198,1039199,1039200,1039201,1039202,1039203,1039204,1039205,1039206,1039207,1039208,1039209,1039210,1039211,1039212,1039213,1039214,1039215,1039216,1039217,1039218,1039219,1039220,1039221,1039222,1039223,1039224,1039225,1039226,1039227,1039228,1039229,1039230,1039231,1039232,1039233,1039234,1039235,1039236,1039237,1039238,1039239,1039240,1039241,1039242,1039243,1039244,1039245,1039246,1039247,1039248,1039249,1039250,1039251}",,
270863,3D Puzzle: Harbor,3d-puzzle-harbor,https://www.igdb.com/games/3d-puzzle-harbor,2023-10-10 05:29:00,2023-10-19 03:04:28,"Collect a 3D puzzle, transferring things to the right places to create a beautiful place.",,,,,,,,,,,,,,,,"{25311,26574,28182,28309,35994,80916,96217,106987,113360,113402}","{1,268435466,268435468,268435470,268435471,268435487,268435488}",,0,,{1},,{1},"{10,12,14,15,31,32}",,,,,,,,,,"{1162224,1162226,1162229,1162232,1162234}",,336227,{587926},"{2749528,2752671}",,,,{119776},8116c00a-2540-1bdc-ef40-aa81a67e4b9b,,,,,,"{814143,821759,821760,821761,821762,821763,821764,821765,821766,821767,821768,821769,821770,821771,821772,821773,821774,821775,821776,821777,821778,821779,821780,821781,821782}",,
301045,3D Puzzle: Hospital 1,3d-puzzle-hospital-1,https://www.igdb.com/games/3d-puzzle-hospital-1,2024-05-16 08:28:54,2024-07-08 02:49:16,"Collect a 3D puzzle, transferring things to the right places to create a beautiful place.",,,,,,,,,,,,,,,,"{25311,26145,26574,28182,35994,55077,79134,96217,106987,109339}","{1,268435466,268435468,268435469,268435470,268435471,268435487,268435488}",,0,,{1},,{1},"{10,12,13,14,15,31,32}",,,,,2024-05-09 00:00:00,,"{3,6,14}","{611970,611971,611972}",,"{1315161,1315162,1315164,1315165,1315167}",,393499,"{636989,650591}","{2910086,2915278}",,,,{136650},a310f727-bcc1-fa25-d2f2-79c6a2cdd754,,,,,,"{991145,991146,991147,991148,991149,991150,991151,991152,991153,991154,991155,991156,991157,991158,991159,991160,991161,991162,991163,991164,991165,991166,991167,991168,991169,991170,991171,991172,991173,991174,991175,991176,991177,991178,991179,991180,991181,991182,991183,991184,991185,991186,991187,991188,991189,991190,991191,991192,991193,991194,991195,991196,991197,991198,991199,991200,991201,991202,991203,991204,991205,991206,991207,991208,991209,991210,991211,991212,991213,991214,991215,991216,991217,991218,991219,991220,991221,991222}",,
301046,3D Puzzle: Hospital 2,3d-puzzle-hospital-2,https://www.igdb.com/games/3d-puzzle-hospital-2,2024-05-16 08:28:55,2024-07-08 02:52:52,"Collect a 3D puzzle, transferring things to the right places to create a beautiful place.",,,,,,,,,,,,,,,,"{25311,26145,26574,28182,35994,55077,79134,96217,106987,109339}","{1,268435466,268435468,268435469,268435470,268435471,268435487,268435488}",,0,,{1},,{1},"{10,12,13,14,15,31,32}",,,,,2024-05-27 00:00:00,,"{3,6,14}","{611091,611092,611093}",,"{1315168,1315169,1315172,1315176,1315184}",,393091,"{636990,650058}","{2913629,2915259}",,,,{136651},adb53b93-5908-f300-edf2-6805edd5eac0,,,,,,"{991223,1002749,1002750,1002751,1002752,1002753,1002754,1002755,1002756,1002757,1002758,1002759,1002760,1002761,1002762,1002763,1002764,1002765,1002766,1002767,1002768,1002769,1002770,1002771,1002772,1002773,1002774,1002775,1002776,1002777,1002778,1002779,1002780,1002781,1002782,1002783,1002784,1002785,1002786,1002787,1002788,1002789,1002790,1002791,1002792,1002793,1002794,1002795,1002796,1002797,1002798,1002799,1002800,1002801,1002802,1002803,1002804,1002805,1002806,1002807,1002808,1002809,1002810,1002811,1002812,1002813,1002814,1002815,1002816,1002817,1002818,1002819,1002820,1002821,1002822,1002823,1002824,1002825}",,
301047,3D Puzzle: Hospital 3,3d-puzzle-hospital-3,https://www.igdb.com/games/3d-puzzle-hospital-3,2024-05-16 08:28:57,2024-07-08 02:52:53,"Collect a 3D puzzle, transferring things to the right places to create a beautiful place.",,,,,,,,,,,,,,,,"{25311,26145,26574,28182,35994,55077,79134,96217,106987,109339}","{1,268435466,268435468,268435469,268435470,268435471,268435487,268435488}",,0,,{1},,{1},"{10,12,13,14,15,31,32}",,,,,2024-05-27 00:00:00,,"{3,6,14}","{611086,611087,611088}",,"{1315171,1315173,1315178,1315185,1315188,1315191}",,393089,"{636992,650054}","{2913627,2915263}",,,,{136652},34f51ac6-f9d4-2d01-e677-727d473ee528,,,,,,"{991249,1002672,1002673,1002674,1002675,1002676,1002677,1002678,1002679,1002680,1002681,1002682,1002683,1002684,1002685,1002686,1002687,1002688,1002689,1002690,1002691,1002692,1002693,1002694,1002695,1002696,1002697,1002698,1002699,1002700,1002701,1002702,1002703,1002704,1002705,1002706,1002707,1002708,1002709,1002710,1002711,1002712,1002713,1002714,1002715,1002716,1002717,1002718,1002719,1002720,1002721,1002722,1002723,1002724,1002725,1002726,1002727,1002728,1002729,1002730,1002731,1002732,1002733,1002734,1002735,1002736,1002737,1002738,1002739,1002740,1002741,1002742,1002743,1002744,1002745,1002746,1002747,1002748}",,
308950,3D Puzzle: Hospital 4,3d-puzzle-hospital-4,https://www.igdb.com/games/3d-puzzle-hospital-4,2024-07-18 07:01:15,2024-07-26 20:09:38,"Collect a 3D puzzle, transferring things to the right places to create a beautiful place.",,,,,,,,,,,,,,,,"{25311,26145,26574,28182,35994,55077,79134,96217,106987,109339}","{1,268435466,268435468,268435469,268435470,268435471,268435487,268435488}",,0,,,,{1},"{10,12,13,14,15,31,32}",,,,,2024-06-26 00:00:00,,"{3,6,14}","{620444,620445,620446}",{155293},"{1356437,1356439,1356442,1356445,1356448}",,397979,"{654154,655280}","{2924429,2930776}",,,,{141192},c907edfb-6d08-5533-a239-e6c53c3f36f8,,,,,,"{1039095,1039096,1039097,1039098,1039099,1039100,1039101,1039102,1039103,1039104,1039105,1039106,1039107,1039108,1039109,1039110,1039111,1039112,1039113,1039114,1039115,1039116,1039118,1039119,1039120,1039121,1039122,1039123,1039124,1039125,1039126,1039127,1039128,1039129,1039130,1039131,1039132,1039133,1039134,1039135,1039136,1039137,1039138,1039139,1039140,1039141,1039142,1039143,1039144,1039145,1039146,1039147,1039148,1039149,1039150,1039151,1039152,1039153,1039154,1039155,1039156,1039157,1039158,1039159,1039160,1039161,1039162,1039163,1039164,1039165,1039166,1039167,1039168,1039169,1039170,1039171,1039172,1039173}",,
204259,3D Puzzle: Japan,3d-puzzle-japan,https://www.igdb.com/games/3d-puzzle-japan,2022-06-09 07:03:49,2023-06-05 12:03:23,"Collect a 3D puzzle, transferring things to the right places to create a beautiful house.",,,,,,,,,,,,,,,,"{11423,17130,21564,25311,26574,33153,35994,36553,51945,79134}","{1,268435469,268435471,268435487,268435488,536871162,536872070,536872205,536874916,536875046,536875063}",,0,,{1},"{250,1158,1293,4004,4134,4151}",{1},"{13,15,31,32}",,,,,2022-06-12 00:00:00,,"{6,14}","{434215,434216}",,"{808722,808723,808724,808725,808726}",,249291,"{288461,493787}","{2447364,2447395}",,,,{78292},924bf3dc-9b8d-49cf-a101-1b3839d500f4,,,,,,"{389448,389449,389450,389451,389452,389453,389454,389455,389456,389457,389458,389459,389460,389461,389463,389464,389465,389466,389467,389469,389471,389473,389474,389477,389479}",,
274624,3D Puzzle: Kingdom in Dark,3d-puzzle-kingdom-in-dark,https://www.igdb.com/games/3d-puzzle-kingdom-in-dark,2023-10-31 09:53:49,2024-04-08 02:13:24,"Collect a 3D puzzle, transferring things to the right places to create a beautiful place.",,,,,,,,,,,,,,,,"{25311,26145,26574,28182,35994,55077,79134,96217,106987,109339}","{1,268435466,268435468,268435469,268435470,268435471,268435487,268435488}",,0,,{1},,{1},"{10,12,13,14,15,31,32}",,,,,2023-11-13 00:00:00,,"{3,6,14}","{581174,581175,581176}",,"{1179849,1179850,1179851,1179852,1179853}",,340930,{593148},"{2857962,2858233}",,,,{121755},89be1655-746b-4d6d-add4-94ba2bef2878,,,,,,"{831612,839493,839494,839495,839496,839497,839498,839499,839500,839501,839502,839503,839504,839505,839506,839507,839508,839509,839510,839511,839512,839513,839514,839515,839516,839517}",,
249601,3D Puzzle: Last of City,3d-puzzle-last-of-city,https://www.igdb.com/games/3d-puzzle-last-of-city,2023-05-13 06:19:57,2023-08-15 09:01:07,"Collect a 3D puzzle, transferring things to the right places to create a beautiful house.",,,,,,,,,,,,,,,,"{25311,26145,26574,28182,35994,55077,79134,96217,106987,109339}","{1,268435466,268435468,268435469,268435470,268435471,268435487,268435488}",,0,{1},{1},,{1},"{10,12,13,14,15,31,32}",,,,,2023-05-23 00:00:00,,"{3,6,14}","{479602,479603,479604}",,"{1050388,1050391,1050398,1050411,1050419,1050422}",,314219,{551158},"{2703185,2703214}",,,,{107867},e1facc2f-307d-3540-17ae-411b9fd0705e,,,,,,"{691036,691128,691129,691130,691131,691132,691133,691134,691135,691136,691137,691138,691139,691140,691141,691142,691143,691144,691145,691146,691147,691148,691149,691150,691151,701147,701148}",,
253425,3D Puzzle: Medieval Inn,3d-puzzle-medieval-inn,https://www.igdb.com/games/3d-puzzle-medieval-inn,2023-06-16 05:42:25,2023-08-15 16:15:21,"Collect a 3D puzzle, transferring things to the right places to create a beautiful house.",,,,,,,,,,,,,,,,"{25311,26145,26574,28182,35994,55077,79134,96217,106987,109339}","{1,268435466,268435468,268435469,268435470,268435471,268435487,268435488}",,0,,{1},,{1},"{10,12,13,14,15,31,32}",,,,,2023-06-22 00:00:00,,"{3,6,14}","{486001,486002,486003}",,"{1071704,1071705,1071707,1071709,1071711}",,314220,{558737},"{2713620,2715205}",,,,{109982},ebb3aeab-aa88-7df0-985c-404ffa0a25ab,,,,,,"{711691,715800,715801,715802,715803,715804,715805,715806,715807,715808,715809,715810,715811,715812,715813,715814,715815,715816,715817,715818,715819,715820,715821,715822,715823}",,
190999,3D Puzzle: Modern House,3d-puzzle-modern-house,https://www.igdb.com/games/3d-puzzle-modern-house,2022-02-03 23:41:25,2023-08-06 19:33:34,"Collect a 3D puzzle, transferring things to the right places to create a beautiful house.",,,,,,,,,,,,,,,,"{25311,26574,35994,36269,36553,65827,78550,79134,109339,111130}","{1,268435469,268435471,268435487,268435488}",,0,,{1},,{1},"{13,15,31,32}",,,,,2022-02-09 00:00:00,,"{3,6,14}","{462179,462180,462181}",{82830},"{735891,735892,735895,735897,735900}",,249292,"{263588,484066}","{2234302,2236476}",,,,{67564},77bd982f-9db9-e0ba-43e4-6f0b38af9076,,,,,,"{568600,568601,568602,568603,568604,568605,568606,568607,568608,568609,568610,568611,568612,568613,568615,568617,568619,568620,568621,568622,568623,568624,568625,568626,568627,568628}",,
288733,3D Puzzle: Old House,3d-puzzle-old-house,https://www.igdb.com/games/3d-puzzle-old-house,2024-02-29 03:59:32,2024-03-11 22:15:35,"Collect a 3D puzzle, transferring things to the right places to create a beautiful house",,,,,,,,,,,,,,,,"{25311,26574,35994,36269,36553,65827,78550,79134,109339,111130}","{1,268435469,268435471,268435487,268435488}",,0,,,,{1},"{13,15,31,32}",,,,,2022-01-26 00:00:00,,"{3,6,14}","{572113,572114,572115}",,"{1250745,1250746,1250747,1250748,1250749,1250750}",,365012,{618059},"{2226471,2892161}",,,,{129538},6023233b-7e0e-d929-6d6c-4d9310b9cae1,,,,,,"{915871,915872,915873,915874,915875,915876,915877,915878,915879,915880,915881,915882,915883,915884,915885,915886,915887,915888,915889,915890,915891,915892,915893,915894,915895,915896}",,
301048,3D Puzzle: Old Sea Port,3d-puzzle-old-sea-port,https://www.igdb.com/games/3d-puzzle-old-sea-port,2024-05-16 08:28:58,2024-10-04 05:03:31,"Collect a 3D puzzle, transferring things to the right places to create a beautiful place.",,,,,,,,,,,,,,,,"{25311,26145,26574,28182,35994,55077,79134,96217,106987,109339}","{1,268435466,268435468,268435469,268435470,268435471,268435487,268435488}",,0,{1},{1},,{1},"{10,12,13,14,15,31,32}",,,,,2024-05-22 00:00:00,,"{3,6,14}","{611083,611084,611085}",,"{1315187,1315190,1315192,1315194,1315195}",,393088,"{636993,650053}","{2913628,2915273}",,,,{136653},394bbf72-e1ba-0e0f-6e83-9eb1f3771cfa,,,,,,"{991250,997057,997058,997059,997060,997061,997062,997063,997064,997065,997066,997067,997068,997069,997070,997071,997072,997073,997074,997075,997076,997077,997078,997079,997080,997081,997082,997083,997084,997085,997086,997087,997088,997089,997090,997091,997092,997093,997094,997095,997096,997097,997098,997099,997100,997101,997102,997103,997104,997105,997106,997107,997108,997109,997110,997111,997112,997113,997114,997115,997116,997117,997118,997119,997120,997121,997122,997123,997124,997125,997126,997127,997128,997129,997130,997131,997132,997133}",,
308947,3D Puzzle: OldHospital,3d-puzzle-oldhospital,https://www.igdb.com/games/3d-puzzle-oldhospital,2024-07-18 07:01:11,2024-07-24 19:30:38,"Collect a 3D puzzle, transferring things to the right places to create a beautiful place.",,,,,,,,,,,,,,,,"{25311,26145,26574,28182,35994,55077,79134,96217,106987,109339}","{1,268435466,268435468,268435469,268435470,268435471,268435487,268435488}",,0,,,,{1},"{10,12,13,14,15,31,32}",,,,,2024-06-26 00:00:00,,"{3,6,14}","{620456,620457,620458}",{155297},"{1356412,1356414,1356417,1356419,1356423}",,397974,"{654149,655284}","{2924194,2930780}",,,,{141187},76ea36a4-6259-3f06-d59a-f0cbbcc4701b,,,,,,"{1038782,1038783,1038784,1038785,1038786,1038787,1038788,1038789,1038790,1038791,1038792,1038793,1038794,1038795,1038796,1038797,1038798,1038799,1038800,1038801,1038802,1038803,1038804,1038805,1038806,1038807,1038808,1038809,1038810,1038811,1038812,1038813,1038814,1038815,1038816,1038817,1038818,1038819,1038820,1038821,1038822,1038823,1038824,1038825,1038826,1038827,1038828,1038829,1038830,1038831,1038832,1038833,1038834,1038835,1038836,1038837,1038838,1038839,1038840,1038841,1038842,1038843,1038844,1038845,1038846,1038847,1038848,1038849,1038850,1038851,1038852,1038853,1038854,1038855,1038856,1038857,1038858,1038859}",,
308946,3D Puzzle: OutPost,3d-puzzle-outpost,https://www.igdb.com/games/3d-puzzle-outpost,2024-07-18 07:01:09,2024-07-26 20:09:34,"Collect a 3D puzzle, transferring things to the right places to create a beautiful place.",,,,,,,,,,,,,,,,"{25311,26145,26574,28182,35994,55077,79134,96217,106987,109339}","{1,268435466,268435468,268435469,268435470,268435471,268435487,268435488}",,0,,,,{1},"{10,12,13,14,15,31,32}",,,,,2024-06-26 00:00:00,,"{3,6,14}","{620447,620448,620449}",{155294},"{1356413,1356416,1356421,1356425,1356430}",,397973,"{654151,655281}","{2924418,2930781}",,,,{141189},352a937a-653e-a7bd-ae2f-719f45e97fb4,,,,,,"{1038861,1038862,1038863,1038864,1038865,1038866,1038867,1038868,1038869,1038870,1038871,1038872,1038873,1038874,1038875,1038876,1038877,1038878,1038879,1038880,1038881,1038882,1038883,1038884,1038885,1038886,1038887,1038888,1038889,1038890,1038891,1038892,1038893,1038894,1038895,1038896,1038897,1038898,1038899,1038900,1038901,1038902,1038903,1038904,1038905,1038906,1038907,1038908,1038909,1038910,1038911,1038912,1038913,1038914,1038915,1038916,1038917,1038918,1038919,1038920,1038921,1038922,1038923,1038924,1038925,1038926,1038927,1038928,1038929,1038930,1038931,1038932,1038933,1038934,1038935,1038936,1038937,1038938}",,
301037,3D Puzzle: Pirates,3d-puzzle-pirates,https://www.igdb.com/games/3d-puzzle-pirates,2024-05-16 08:27:54,2024-07-08 02:49:16,"Collect a 3D puzzle, transferring things to the right places to create a beautiful place.",,,,,,,,,,,,,,,,"{25311,26145,26574,28182,35994,55077,79134,96217,106987,109339}","{1,268435466,268435468,268435469,268435470,268435471,268435487,268435488}",,0,,{1},,{1},"{10,12,13,14,15,31,32}",,,,,2024-05-09 00:00:00,,"{3,6,14}","{611963,611964,611965}",,"{1315123,1315124,1315125,1315126,1315127}",,393498,"{636983,650590}","{2910120,2915280}",,,,{136645},d0d5c290-7599-1447-598a-65ff3b238d22,,,,,,"{991055,991056,991057,991058,991059,991060,991061,991062,991063,991064,991065,991066,991067,991068,991069,991070,991071,991072,991073,991074,991075,991076,991077,991078,991079,991080,991081,991082,991083,991084,991085,991086,991087,991088,991089,991090,991091,991092,991093,991094,991095,991096,991097,991098,991099,991100,991101,991102,991103,991104,991105,991106,991107,991108,991109,991110,991111,991112,991113,991114,991115,991116,991117,991118,991119,991120,991121,991122,991123,991124,991125,991126,991127,991128,991129,991130,991131,991132}",,
311934,3D Puzzle: Pizza Shop 1,3d-puzzle-pizza-shop-1,https://www.igdb.com/games/3d-puzzle-pizza-shop-1,2024-08-01 08:28:48,2024-08-21 05:42:22,"Collect a 3D puzzle, transferring things to the right places to create a beautiful place.",,,,,,,,,,,,,,,,"{20342,24426,25646,28070,55190,60044,89597,95460,95776,113895}","{1,268435465,536871162}",,0,,{1},{250},{1},{9},,,,,2024-08-19 00:00:00,,"{3,6,14}","{632458,632459,632460}",,"{1374194,1374195,1374196,1374197,1374198}",,402078,"{659934,666024}","{2935182,2935669}",,{282883},,{143329},f55fbbd3-25d0-96fb-952e-9f2e35b3e50b,,,,,,"{1061127,1071405,1071406,1071407,1071408,1071409,1071410,1071411,1071412,1071413,1071415,1071416,1071418,1071419,1071421,1071422,1071423,1071425,1071426,1071427,1071429,1071430,1071431,1071433,1071434,1071435}",,
309618,3D Puzzle: Port,3d-puzzle-port,https://www.igdb.com/games/3d-puzzle-port,2024-07-23 17:05:00,2024-08-06 07:47:11,"Collect a 3D puzzle, transferring things to the right places to create a beautiful house.",,,,,,,,,,,,,,,,"{25311,26145,26574,28182,35994,55077,79134,96217,106987,109339}","{1,268435466,268435468,268435469,268435470,268435471,268435487,268435488,536871013}",,0,,{1},{101},{1},"{10,12,13,14,15,31,32}",,,,,2023-05-23 00:00:00,,"{3,6,14}","{621139,621140,621141}",{155301},"{1360021,1360022,1360023,1360024,1360025,1360026}",,398981,,{2937180},,{277613},,,08824c29-a140-7c62-b1bd-0c4070c5a8d9,,,,,,"{1043558,1043559,1043560,1043561,1043562,1043563,1043564,1043565,1043566,1043567,1043568,1043569,1043570,1043571,1043572,1043573,1043574,1043575,1043576,1043577,1043578,1043579,1043580,1043581,1043582,1043583,1043584}",,
280313,3D Puzzle: Post-Apocalyptic 3,3d-puzzle-post-apocalyptic-3,https://www.igdb.com/games/3d-puzzle-post-apocalyptic-3,2023-12-13 20:27:30,2024-07-01 00:02:03,"Collect a 3D puzzle, transferring things to the right places to create a beautiful place.",,,,,,,,,,,,,,,,"{25311,26145,26574,28182,35994,55077,79134,96217,106987,109339}","{1,268435466,268435468,268435469,268435470,268435471,268435487,268435488}",,0,,{1},,{1},"{10,12,13,14,15,31,32}",,,,,2023-12-26 00:00:00,,"{6,14}","{611431,611432}",,"{1210019,1210022,1210026,1210029,1210032}",,351101,{603126},"{2870948,2871296}",,,,{125114},78f70b5d-3bab-aa10-3794-949f315301ae,,,,,,"{866385,869934,869935,869936,869937,869938,869939,869940,869941,869942,869943,869944,869945,869946,869947,869948,869949,869950,869951,869952,869953,869954,869955,869956,869957,869958}",,
308945,3D Puzzle: Rusty,3d-puzzle-rusty,https://www.igdb.com/games/3d-puzzle-rusty,2024-07-18 07:01:08,2024-07-26 20:09:30,"Collect a 3D puzzle, transferring things to the right places to create a beautiful place.",,,,,,,,,,,,,,,,"{25311,26145,26574,28182,35994,55077,79134,96217,106987,109339}","{1,268435466,268435468,268435469,268435470,268435471,268435487,268435488}",,0,,,,{1},"{10,12,13,14,15,31,32}",,,,,2024-06-26 00:00:00,,"{3,6,14}","{620450,620451,620452}",{155295},"{1356422,1356427,1356431,1356434,1356436}",,397977,"{654153,655282}","{2924409,2930773}",,,,{141191},a3a9cadb-52a5-1384-1f5c-54b4214c2fb4,,,,,,"{1038961,1038963,1038966,1038968,1038970,1038972,1038974,1038976,1038978,1038980,1038982,1038984,1038986,1038988,1038990,1038992,1038994,1038996,1038998,1039000,1039002,1039004,1039006,1039008,1039011,1039013,1039015,1039017,1039019,1039021,1039023,1039025,1039027,1039029,1039031,1039034,1039036,1039038,1039040,1039042,1039044,1039046,1039049,1039051,1039053,1039055,1039057,1039059,1039061,1039063,1039065,1039067,1039069,1039070,1039071,1039072,1039073,1039074,1039075,1039076,1039077,1039078,1039079,1039080,1039081,1039082,1039083,1039084,1039085,1039086,1039087,1039088,1039089,1039090,1039091,1039092,1039093,1039094}",,
308951,3D Puzzle: Sun Temple,3d-puzzle-sun-temple,https://www.igdb.com/games/3d-puzzle-sun-temple,2024-07-18 07:01:18,2024-08-14 16:20:59,"Collect a 3D puzzle, transferring things to the right places to create a beautiful place.",,,,,,,,,,,,,,,,"{25311,26574,35994,36553,78550,79134,105011,109339,111130,118871}","{1,268435466,268435469,268435470,268435471,268435487,268435488}",,0,,{1},,{1},"{10,13,14,15,31,32}",,,,,2024-07-21 00:00:00,,"{3,6,14}","{620055,620056,620057}",,"{1356438,1356440,1356443,1356447,1356450}",,397978,"{654155,654883}","{2930317,2930777}",,,,{141193},bd547197-5106-fafc-43c0-1004e1bb5dab,,,,,,"{1039117,1039643,1039644,1039645,1039646,1039647,1039648,1039649,1039650,1039651,1039652,1039653,1039654,1039655,1039656,1039657,1039658,1039659,1039660,1039661,1039662,1039663,1039664,1039665,1039666,1039667,1039668,1039669,1039670,1039671,1039672,1039673,1039674,1039675,1039676,1039677,1039678,1039679,1039680,1039681,1039682,1039683,1039684,1039685,1039686,1039687,1039688,1039689,1039690,1039691,1039692,1039693,1039694,1039695,1039696,1039697,1039698,1039699,1039700,1039701,1039702,1039703,1039704,1039705,1039706,1039707,1039708,1039709,1039710,1039711,1039712,1039713,1039714,1039715,1039716,1039717,1039718}",,
308944,3D Puzzle: Underground,3d-puzzle-underground,https://www.igdb.com/games/3d-puzzle-underground,2024-07-18 07:01:07,2024-07-26 20:09:24,"Collect a 3D puzzle, transferring things to the right places to create a beautiful place.",,,,,,,,,,,,,,,,"{25311,26145,26574,28182,35994,55077,79134,96217,106987,109339}","{1,268435466,268435468,268435469,268435470,268435471,268435487,268435488}",,0,,,,{1},"{10,12,13,14,15,31,32}",,,,,2024-06-26 00:00:00,,"{3,6,14}","{620453,620454,620455}",{155296},"{1356418,1356424,1356428,1356433,1356435}",,397976,"{654152,655283}","{2924420,2930772}",,,,{141190},888ae932-f408-db89-877c-dc074f22ac65,,,,,,"{1038939,1038940,1038941,1038942,1038943,1038944,1038945,1038946,1038947,1038948,1038949,1038950,1038951,1038952,1038953,1038954,1038955,1038956,1038957,1038958,1038959,1038960,1038962,1038964,1038965,1038967,1038969,1038971,1038973,1038975,1038977,1038979,1038981,1038983,1038985,1038987,1038989,1038991,1038993,1038995,1038997,1038999,1039001,1039003,1039005,1039007,1039009,1039010,1039012,1039014,1039016,1039018,1039020,1039022,1039024,1039026,1039028,1039030,1039032,1039033,1039035,1039037,1039039,1039041,1039043,1039045,1039047,1039048,1039050,1039052,1039054,1039056,1039058,1039060,1039062,1039064,1039066,1039068}",,
246858,3D Puzzle: Vintage House,3d-puzzle-vintage-house,https://www.igdb.com/games/3d-puzzle-vintage-house,2023-04-24 09:14:16,2023-08-06 12:50:52,"Collect a 3D puzzle, transferring things to the right places to create a beautiful house.",,,,,,,,,,,,,,,,"{25311,26145,26574,28182,35994,55077,79134,96217,106987,109339}","{1,268435468,268435469,268435470,268435471,268435487,268435488}",,0,{1},{1},,{1},"{12,13,14,15,31,32}",,,,,2023-04-25 00:00:00,,"{3,6,14}","{490117,490118,490119}",,"{1037121,1037124,1037126,1037129,1037131}",,314222,{546720},"{2695513,2695847}",,,,{106503},2d41c084-4ad6-dbcf-c661-5fa657915d03,,,,,,"{678349,678570,678571,678572,678573,678574,678575,678576,678577,678578,678579,678580,678581,678582,678583,678584,678585,678586,678587,678588,678589,678590,678591,678592,678593,689414,689415}",,
279016,3D Puzzle: Wild West,3d-puzzle-wild-west,https://www.igdb.com/games/3d-puzzle-wild-west,2023-12-04 07:14:51,2024-07-06 00:06:32,"Collect a 3D puzzle, transferring things to the right places to create a beautiful place.",,,,,,,,,,,,,,,,"{25311,26145,26574,28182,35994,55077,79134,96217,106987,109339}","{1,268435466,268435468,268435469,268435470,268435471,268435487,268435488}",,0,{1},{1},,{1},"{10,12,13,14,15,31,32}",,,,,2023-12-08 00:00:00,,"{3,6,14}","{614424,614425,614426}",,"{1203127,1203128,1203129,1203130,1203131}",,347350,{600742},"{2867447,2868306}",,,,{124283},a5c4c8fe-2d12-b6a4-b8c2-64976d80fc86,,,,,,"{858032,861990,861991,861992,861993,861994,861995,861996,861997,861998,861999,862000,862001,862002,862003,862004,862005,862006,862007,862008,862009,862010,862011,862012,862013}",,
192241,3D Puzzle: Wood House,3d-puzzle-wood-house,https://www.igdb.com/games/3d-puzzle-wood-house,2022-03-02 04:56:58,2023-08-06 07:41:59,"Collect a 3D puzzle, transferring things to the right places to create a beautiful house.",,,,,,,,,,,,,,,,"{25311,25646,35994,37419,79134,87975,96217,106987,111130,113895}","{1,268435469,268435487,268435488}",,0,,,,{1},"{13,31,32}",,,,,2022-03-04 00:00:00,,"{3,6,14}","{456136,456137,456138}",{84112},"{742113,742114,742115,742116,742117}",,249293,"{266819,484906}","{2271642,2272002}",,,,{68745},33d27e3f-bc95-1a68-9a50-490230837ebd,,,,,,"{588039,588041,588043,588045,588046,588047,588048,588049,588050,588051,588052,588053,588054,588055,588056,588057,588058,588060,588061,588062,588063,588064,588065,588066,588067,588068}",,
278174,3D Puzzle: World War II,3d-puzzle-world-war-ii,https://www.igdb.com/games/3d-puzzle-world-war-ii,2023-11-27 05:59:43,2024-07-01 00:02:04,"Collect a 3D puzzle, transferring things to the right places to create a beautiful place.",,,,,,,,,,,,,,,,"{25311,26145,26574,28182,35994,55077,79134,96217,106987,109339}","{1,268435466,268435468,268435469,268435470,268435471,268435487,268435488}",,0,,{1},,{1},"{10,12,13,14,15,31,32}",,,,,2023-12-08 00:00:00,,"{6,14}","{611429,611430}",,"{1197943,1197945,1197948,1197951,1197954}",,346021,{599448},"{2865684,2866075}",,,,{123729},2d824349-d16e-a38c-531c-5f1d4de95216,,,,,,"{853276,862021,862024,862026,862027,862029,862031,862034,862036,862038,862040,862041,862043,862045,862047,862050,862051,862053,862055,862057,862059,862061,862062,862063,862064,862065}",,
12356,3D Quasars,3d-quasars,https://www.igdb.com/games/3d-quasars,2015-09-05 17:48:10,2023-04-19 13:48:05,In this shoot 'em up the player is a captain of a Taranula C1 patrol ship and has to attack the enemy crafts and defend the planet.,,,,,,,,,,,,,,,,"{10209,10210,10211,10212,10213,55038,68286,78770,105269,117197}","{18,268435461,536871078}",,0,{2},{1},{166},{18},{5},,,,,1985-12-31 00:00:00,,"{25,93}","{35342,120632}","{11498,11499,11500}",,,12077,{398178},"{111364,1924076}",,{26270},,,acd8e876-0ab9-e26f-48a6-58c3cd726744,,,,,,,,
175178,3D Rally Racing,3d-rally-racing,https://www.igdb.com/games/3d-rally-racing,2021-10-06 08:38:52,2023-06-26 20:37:09,"Do you like Colin McRae Rally or WRC? Then you must try 3D World Rally Racing! This car game will bring you to the real world of rally racing. You can choose between different rally cars including Group B vehicles! Test your rally skills across different world locations like Usa, Sweden, Australia, Japan, Romania and many more.",,,,,,,,,,,,,,,,"{57296,80382,82090,87622,100800,109292,113835,113895,118871,120487}","{1,268435466}",,0,,,,{1},{10},,,,,2013-05-13 00:00:00,,{39},{317122},,,,,"{232836,232838,472019}","{2122532,2129696}",,,,,d39fe72d-f2ce-ba2a-5819-8069650cb8b8,,,,,,,,
172419,3D Realms Anthology,3d-realms-anthology,https://www.igdb.com/games/3d-realms-anthology,2021-09-23 19:00:37,2024-07-29 05:24:39,"Come get the deal of the decade with the 3D Realms Anthology.

With 32 classic titles - which is almost every Apogee and 3D Realms game ever released - and a re-rockestrated soundtrack by Interceptor Entertainment's Andrew Hulshult (Rise of the Triad, Duke Nukem 3D: Reloaded, Brutal Doom), the 3D Realms Anthology is your chance to kick ass in the past for an absolutely killer price.

Get your copy of the 3D Realms Anthology before December 31st, 2015. The Anthology will be discontinued in 2016 and will never again be available in this form. This is your last chance to grab a piece of gaming history and at a strongly reduced price for the rest of the year!",,,,,,,,,,,,,,,,"{17548,18225,24426,26574,27092,55038,55984,56033,78550,105049}","{1,17,20,21,22,32,34,35,39,43,268435461,268435464,268435465,268435466,268435468,268435470,268435471,268435487,268435489}",,3,"{1,2,4,5}","{1,4}",,"{1,17,20,21,22,32,34,35,39,43}","{5,8,9,10,12,14,15,31,33}",,,,,2014-10-23 00:00:00,8,{6},{312982},{74571},"{642410,642411,642412,642413,642414,642415,642416,642417,642418,642419,642420,642421}",,180622,"{227890,227891}",,,"{150250,150251}",,,228c58f5-6d1c-70a8-968c-b2bb4b264e7e,,,,,,,,